"","close","timestamp","signal"
"1",3161.17,2021-08-08 00:00:00,0
"2",3108.24,2021-08-08 01:00:00,0
"3",3089.67,2021-08-08 02:00:00,0
"4",3119.92,2021-08-08 03:00:00,0
"5",3111.11,2021-08-08 04:00:00,0
"6",3130.32,2021-08-08 05:00:00,0
"7",3167.07,2021-08-08 06:00:00,0
"8",3137.84,2021-08-08 07:00:00,0
"9",3124.12,2021-08-08 08:00:00,0
"10",3139.64,2021-08-08 09:00:00,0
"11",3101.99,2021-08-08 10:00:00,0
"12",3101.3,2021-08-08 11:00:00,0
"13",3137.27,2021-08-08 12:00:00,0
"14",3116.5,2021-08-08 13:00:00,1
"15",3027.5,2021-08-08 14:00:00,0
"16",3030.77,2021-08-08 15:00:00,0
"17",3009.1,2021-08-08 16:00:00,0
"18",2988.68,2021-08-08 17:00:00,0
"19",2975.74,2021-08-08 18:00:00,0
"20",2984.44,2021-08-08 19:00:00,0
"21",2990.3,2021-08-08 20:00:00,0
"22",3036.01,2021-08-08 21:00:00,0
"23",3044.58,2021-08-08 22:00:00,0
"24",3011.85,2021-08-08 23:00:00,0
"25",2933.78,2021-08-09 00:00:00,0
"26",2916.11,2021-08-09 01:00:00,0
"27",2945.18,2021-08-09 02:00:00,0
"28",2948.31,2021-08-09 03:00:00,0
"29",2954.47,2021-08-09 04:00:00,0
"30",2935.34,2021-08-09 05:00:00,0
"31",2922.71,2021-08-09 06:00:00,0
"32",2944.11,2021-08-09 07:00:00,1
"33",2957.71,2021-08-09 08:00:00,0
"34",3040.38,2021-08-09 09:00:00,0
"35",3101.69,2021-08-09 10:00:00,0
"36",3133.42,2021-08-09 11:00:00,0
"37",3131.32,2021-08-09 12:00:00,1
"38",3095.52,2021-08-09 13:00:00,0
"39",3110.81,2021-08-09 14:00:00,0
"40",3166.61,2021-08-09 15:00:00,0
"41",3157.32,2021-08-09 16:00:00,0
"42",3138.97,2021-08-09 17:00:00,0
"43",3162.63,2021-08-09 18:00:00,0
"44",3147.74,2021-08-09 19:00:00,0
"45",3070.58,2021-08-09 20:00:00,0
"46",3097.48,2021-08-09 21:00:00,0
"47",3146.5,2021-08-09 22:00:00,0
"48",3160.52,2021-08-09 23:00:00,0
"49",3122.57,2021-08-10 00:00:00,0
"50",3131.16,2021-08-10 01:00:00,0
"51",3142.02,2021-08-10 02:00:00,0
"52",3115.39,2021-08-10 03:00:00,0
"53",3100,2021-08-10 04:00:00,0
"54",3112.77,2021-08-10 05:00:00,0
"55",3121.82,2021-08-10 06:00:00,0
"56",3141.21,2021-08-10 07:00:00,0
"57",3163.29,2021-08-10 08:00:00,0
"58",3145.28,2021-08-10 09:00:00,0
"59",3117.28,2021-08-10 10:00:00,0
"60",3122.97,2021-08-10 11:00:00,0
"61",3179.95,2021-08-10 12:00:00,0
"62",3163.28,2021-08-10 13:00:00,0
"63",3132.69,2021-08-10 14:00:00,0
"64",3121.05,2021-08-10 15:00:00,0
"65",3072.42,2021-08-10 16:00:00,0
"66",3101.37,2021-08-10 17:00:00,0
"67",3128.57,2021-08-10 18:00:00,0
"68",3142.71,2021-08-10 19:00:00,1
"69",3155.9,2021-08-10 20:00:00,0
"70",3168.97,2021-08-10 21:00:00,0
"71",3150.38,2021-08-10 22:00:00,0
"72",3141.66,2021-08-10 23:00:00,0
"73",3167.78,2021-08-11 00:00:00,0
"74",3170.87,2021-08-11 01:00:00,0
"75",3139.3,2021-08-11 02:00:00,0
"76",3159.11,2021-08-11 03:00:00,0
"77",3166.96,2021-08-11 04:00:00,0
"78",3177.86,2021-08-11 05:00:00,0
"79",3197.11,2021-08-11 06:00:00,0
"80",3231.74,2021-08-11 07:00:00,1
"81",3215.87,2021-08-11 08:00:00,0
"82",3224.89,2021-08-11 09:00:00,0
"83",3223.11,2021-08-11 10:00:00,0
"84",3214.39,2021-08-11 11:00:00,0
"85",3220.63,2021-08-11 12:00:00,0
"86",3242.96,2021-08-11 13:00:00,0
"87",3255.87,2021-08-11 14:00:00,0
"88",3245.22,2021-08-11 15:00:00,0
"89",3237.27,2021-08-11 16:00:00,0
"90",3244.06,2021-08-11 17:00:00,0
"91",3227.87,2021-08-11 18:00:00,0
"92",3249.65,2021-08-11 19:00:00,0
"93",3235.19,2021-08-11 20:00:00,0
"94",3234.14,2021-08-11 21:00:00,0
"95",3170.23,2021-08-11 22:00:00,0
"96",3160.5,2021-08-11 23:00:00,0
"97",3186.25,2021-08-12 00:00:00,0
"98",3227.53,2021-08-12 01:00:00,0
"99",3234.61,2021-08-12 02:00:00,0
"100",3211.95,2021-08-12 03:00:00,0
"101",3173.66,2021-08-12 04:00:00,0
"102",3127.72,2021-08-12 05:00:00,0
"103",3128.81,2021-08-12 06:00:00,0
"104",3141.63,2021-08-12 07:00:00,0
"105",3129.65,2021-08-12 08:00:00,0
"106",3146.4,2021-08-12 09:00:00,1
"107",3148.96,2021-08-12 10:00:00,0
"108",3094.34,2021-08-12 11:00:00,0
"109",3099.83,2021-08-12 12:00:00,0
"110",3098.16,2021-08-12 13:00:00,0
"111",3037.16,2021-08-12 14:00:00,0
"112",3029.76,2021-08-12 15:00:00,0
"113",3001.11,2021-08-12 16:00:00,0
"114",3018.34,2021-08-12 17:00:00,0
"115",3058.29,2021-08-12 18:00:00,1
"116",3048.55,2021-08-12 19:00:00,0
"117",3066.14,2021-08-12 20:00:00,0
"118",3043.3,2021-08-12 21:00:00,0
"119",2998.99,2021-08-12 22:00:00,0
"120",3045.96,2021-08-12 23:00:00,0
"121",3062.18,2021-08-13 00:00:00,0
"122",3088.22,2021-08-13 01:00:00,0
"123",3107.42312032896,2021-08-13 02:00:00,0
"124",3126.87910619572,2021-08-13 03:00:00,0
"125",3146.33509206248,2021-08-13 04:00:00,0
"126",3165.79107792924,2021-08-13 05:00:00,0
"127",3184.52,2021-08-13 06:00:00,0
"128",3222.99,2021-08-13 07:00:00,0
"129",3234.95,2021-08-13 08:00:00,0
"130",3225.38,2021-08-13 09:00:00,0
"131",3235.57,2021-08-13 10:00:00,0
"132",3213.68,2021-08-13 11:00:00,0
"133",3235.12,2021-08-13 12:00:00,0
"134",3233.01,2021-08-13 13:00:00,1
"135",3214.76,2021-08-13 14:00:00,0
"136",3214.04,2021-08-13 15:00:00,0
"137",3239.71,2021-08-13 16:00:00,0
"138",3230.71,2021-08-13 17:00:00,0
"139",3230.6,2021-08-13 18:00:00,0
"140",3224.98,2021-08-13 19:00:00,0
"141",3280.91,2021-08-13 20:00:00,0
"142",3279.18,2021-08-13 21:00:00,0
"143",3288.38,2021-08-13 22:00:00,0
"144",3322.32,2021-08-13 23:00:00,0
"145",3304.37,2021-08-14 00:00:00,0
"146",3300.65,2021-08-14 01:00:00,0
"147",3301.2,2021-08-14 02:00:00,0
"148",3295.49,2021-08-14 03:00:00,0
"149",3280.36,2021-08-14 04:00:00,0
"150",3298.09,2021-08-14 05:00:00,0
"151",3302.66,2021-08-14 06:00:00,0
"152",3307.39,2021-08-14 07:00:00,0
"153",3299.91,2021-08-14 08:00:00,0
"154",3273.26,2021-08-14 09:00:00,0
"155",3222.3,2021-08-14 10:00:00,0
"156",3244.76,2021-08-14 11:00:00,0
"157",3221.25,2021-08-14 12:00:00,0
"158",3234.42,2021-08-14 13:00:00,0
"159",3274.75,2021-08-14 14:00:00,0
"160",3270.71,2021-08-14 15:00:00,0
"161",3259.96,2021-08-14 16:00:00,0
"162",3248.78,2021-08-14 17:00:00,0
"163",3247.96,2021-08-14 18:00:00,0
"164",3262.33,2021-08-14 19:00:00,0
"165",3228.98,2021-08-14 20:00:00,0
"166",3266.14,2021-08-14 21:00:00,0
"167",3241.82,2021-08-14 22:00:00,0
"168",3263.16,2021-08-14 23:00:00,0
"169",3273.64,2021-08-15 00:00:00,0
"170",3262.52,2021-08-15 01:00:00,0
"171",3271.67,2021-08-15 02:00:00,0
"172",3247.62,2021-08-15 03:00:00,0
"173",3247.99,2021-08-15 04:00:00,0
"174",3233.94,2021-08-15 05:00:00,0
"175",3220.74,2021-08-15 06:00:00,0
"176",3161.5,2021-08-15 07:00:00,0
"177",3150.55,2021-08-15 08:00:00,0
"178",3163.57,2021-08-15 09:00:00,0
"179",3154.56,2021-08-15 10:00:00,0
"180",3160.55,2021-08-15 11:00:00,0
"181",3153.73,2021-08-15 12:00:00,0
"182",3165.97,2021-08-15 13:00:00,0
"183",3148.31,2021-08-15 14:00:00,0
"184",3156.7,2021-08-15 15:00:00,0
"185",3145.3,2021-08-15 16:00:00,0
"186",3157,2021-08-15 17:00:00,0
"187",3189.62,2021-08-15 18:00:00,0
"188",3207.88,2021-08-15 19:00:00,0
"189",3259.66,2021-08-15 20:00:00,0
"190",3257.47,2021-08-15 21:00:00,0
"191",3301.79,2021-08-15 22:00:00,0
"192",3307.09,2021-08-15 23:00:00,0
"193",3311.85,2021-08-16 00:00:00,0
"194",3309.44,2021-08-16 01:00:00,0
"195",3317.87,2021-08-16 02:00:00,0
"196",3260.94,2021-08-16 03:00:00,0
"197",3278.93,2021-08-16 04:00:00,0
"198",3300.73,2021-08-16 05:00:00,0
"199",3274.98,2021-08-16 06:00:00,0
"200",3276.16,2021-08-16 07:00:00,0
"201",3269.31,2021-08-16 08:00:00,0
"202",3275.27,2021-08-16 09:00:00,0
"203",3296,2021-08-16 10:00:00,0
"204",3290.26,2021-08-16 11:00:00,0
"205",3283.92,2021-08-16 12:00:00,0
"206",3221.46,2021-08-16 13:00:00,0
"207",3204.37,2021-08-16 14:00:00,0
"208",3223.84,2021-08-16 15:00:00,0
"209",3224.47,2021-08-16 16:00:00,0
"210",3219.67,2021-08-16 17:00:00,0
"211",3229.5,2021-08-16 18:00:00,0
"212",3176.85,2021-08-16 19:00:00,0
"213",3163.76,2021-08-16 20:00:00,0
"214",3175.1,2021-08-16 21:00:00,0
"215",3184.83,2021-08-16 22:00:00,0
"216",3146.53,2021-08-16 23:00:00,0
"217",3134.25,2021-08-17 00:00:00,0
"218",3175.23,2021-08-17 01:00:00,0
"219",3193.84,2021-08-17 02:00:00,0
"220",3194.69,2021-08-17 03:00:00,0
"221",3190.99,2021-08-17 04:00:00,0
"222",3173.51,2021-08-17 05:00:00,0
"223",3146.61,2021-08-17 06:00:00,0
"224",3171,2021-08-17 07:00:00,0
"225",3182.47,2021-08-17 08:00:00,0
"226",3241.9,2021-08-17 09:00:00,0
"227",3223.37,2021-08-17 10:00:00,0
"228",3257.71,2021-08-17 11:00:00,0
"229",3239.96,2021-08-17 12:00:00,0
"230",3232.29,2021-08-17 13:00:00,0
"231",3193.74,2021-08-17 14:00:00,0
"232",3165.82,2021-08-17 15:00:00,0
"233",3152.28,2021-08-17 16:00:00,0
"234",3169.26,2021-08-17 17:00:00,0
"235",3162.1,2021-08-17 18:00:00,0
"236",3116.91,2021-08-17 19:00:00,0
"237",3072.89,2021-08-17 20:00:00,0
"238",3027.01,2021-08-17 21:00:00,0
"239",3052.46,2021-08-17 22:00:00,0
"240",3011.72,2021-08-17 23:00:00,0
"241",3021,2021-08-18 00:00:00,0
"242",3043.57,2021-08-18 01:00:00,0
"243",3033.12,2021-08-18 02:00:00,0
"244",3049.87,2021-08-18 03:00:00,0
"245",3044.3,2021-08-18 04:00:00,0
"246",3082.55,2021-08-18 05:00:00,0
"247",3070.26,2021-08-18 06:00:00,0
"248",3030.37,2021-08-18 07:00:00,0
"249",3043.75,2021-08-18 08:00:00,0
"250",3054.01,2021-08-18 09:00:00,0
"251",3033.93,2021-08-18 10:00:00,0
"252",2999.84,2021-08-18 11:00:00,0
"253",3028.34,2021-08-18 12:00:00,0
"254",3054.29,2021-08-18 13:00:00,0
"255",3074.36,2021-08-18 14:00:00,0
"256",3111.23,2021-08-18 15:00:00,0
"257",3121.41,2021-08-18 16:00:00,0
"258",3106.88,2021-08-18 17:00:00,0
"259",3056.04,2021-08-18 18:00:00,0
"260",3030.81,2021-08-18 19:00:00,0
"261",3007.07,2021-08-18 20:00:00,0
"262",3004.21,2021-08-18 21:00:00,0
"263",3039.47,2021-08-18 22:00:00,0
"264",3014.55,2021-08-18 23:00:00,0
"265",3044.01,2021-08-19 00:00:00,0
"266",3028.01,2021-08-19 01:00:00,0
"267",3007.26,2021-08-19 02:00:00,0
"268",2966.99,2021-08-19 03:00:00,0
"269",2983.09,2021-08-19 04:00:00,0
"270",3006.33,2021-08-19 05:00:00,0
"271",2997.07,2021-08-19 06:00:00,0
"272",2995.37,2021-08-19 07:00:00,0
"273",3002.97,2021-08-19 08:00:00,0
"274",3003.42,2021-08-19 09:00:00,0
"275",2981.98,2021-08-19 10:00:00,0
"276",2973.39,2021-08-19 11:00:00,0
"277",2998.26,2021-08-19 12:00:00,0
"278",3021.02,2021-08-19 13:00:00,0
"279",3042.8,2021-08-19 14:00:00,0
"280",3067.67,2021-08-19 15:00:00,0
"281",3046.87,2021-08-19 16:00:00,0
"282",3049.9,2021-08-19 17:00:00,0
"283",3132.04,2021-08-19 18:00:00,0
"284",3147.58,2021-08-19 19:00:00,0
"285",3158.1,2021-08-19 20:00:00,0
"286",3163.45,2021-08-19 21:00:00,0
"287",3170.43,2021-08-19 22:00:00,0
"288",3184.12,2021-08-19 23:00:00,0
"289",3229.66,2021-08-20 00:00:00,0
"290",3237.34,2021-08-20 01:00:00,0
"291",3231,2021-08-20 02:00:00,0
"292",3217.83,2021-08-20 03:00:00,0
"293",3223.77,2021-08-20 04:00:00,0
"294",3226.12,2021-08-20 05:00:00,0
"295",3229.18,2021-08-20 06:00:00,0
"296",3216.59,2021-08-20 07:00:00,0
"297",3200.07,2021-08-20 08:00:00,0
"298",3209.02,2021-08-20 09:00:00,0
"299",3218.45,2021-08-20 10:00:00,0
"300",3204.33,2021-08-20 11:00:00,0
"301",3236.1,2021-08-20 12:00:00,0
"302",3259.65,2021-08-20 13:00:00,0
"303",3281.66,2021-08-20 14:00:00,0
"304",3283.38,2021-08-20 15:00:00,0
"305",3263.83,2021-08-20 16:00:00,0
"306",3250.8,2021-08-20 17:00:00,0
"307",3234.03,2021-08-20 18:00:00,0
"308",3252.75,2021-08-20 19:00:00,0
"309",3258.46,2021-08-20 20:00:00,0
"310",3291.83,2021-08-20 21:00:00,0
"311",3260.8,2021-08-20 22:00:00,0
"312",3284.82,2021-08-20 23:00:00,0
"313",3241.44,2021-08-21 00:00:00,0
"314",3264.46,2021-08-21 01:00:00,0
"315",3263.01,2021-08-21 02:00:00,0
"316",3276.44,2021-08-21 03:00:00,0
"317",3269.79,2021-08-21 04:00:00,0
"318",3288.61,2021-08-21 05:00:00,0
"319",3276.06,2021-08-21 06:00:00,0
"320",3293.56,2021-08-21 07:00:00,0
"321",3286.9,2021-08-21 08:00:00,0
"322",3281.08,2021-08-21 09:00:00,0
"323",3295.5,2021-08-21 10:00:00,0
"324",3249.61,2021-08-21 11:00:00,0
"325",3289.95,2021-08-21 12:00:00,0
"326",3281.26,2021-08-21 13:00:00,0
"327",3257.49,2021-08-21 14:00:00,0
"328",3271.22,2021-08-21 15:00:00,0
"329",3286.35,2021-08-21 16:00:00,0
"330",3276.72,2021-08-21 17:00:00,0
"331",3261.36,2021-08-21 18:00:00,0
"332",3217.41,2021-08-21 19:00:00,0
"333",3229.26,2021-08-21 20:00:00,0
"334",3251.13,2021-08-21 21:00:00,0
"335",3252.23,2021-08-21 22:00:00,0
"336",3223.43,2021-08-21 23:00:00,0
"337",3244.52,2021-08-22 00:00:00,0
"338",3249.01,2021-08-22 01:00:00,0
"339",3229.05,2021-08-22 02:00:00,0
"340",3226.01,2021-08-22 03:00:00,0
"341",3245.08,2021-08-22 04:00:00,0
"342",3228.39,2021-08-22 05:00:00,0
"343",3255,2021-08-22 06:00:00,0
"344",3261.83,2021-08-22 07:00:00,0
"345",3250.6,2021-08-22 08:00:00,0
"346",3264.56,2021-08-22 09:00:00,0
"347",3250.8,2021-08-22 10:00:00,0
"348",3255.71,2021-08-22 11:00:00,0
"349",3235.96,2021-08-22 12:00:00,0
"350",3234.25,2021-08-22 13:00:00,0
"351",3166.53,2021-08-22 14:00:00,0
"352",3181.54,2021-08-22 15:00:00,0
"353",3178.15,2021-08-22 16:00:00,0
"354",3176.33,2021-08-22 17:00:00,0
"355",3151.4,2021-08-22 18:00:00,0
"356",3175.25,2021-08-22 19:00:00,0
"357",3152.94,2021-08-22 20:00:00,0
"358",3167.2,2021-08-22 21:00:00,0
"359",3214.72,2021-08-22 22:00:00,0
"360",3238,2021-08-22 23:00:00,0
"361",3248.84,2021-08-23 00:00:00,0
"362",3260,2021-08-23 01:00:00,0
"363",3295.75,2021-08-23 02:00:00,0
"364",3340.22,2021-08-23 03:00:00,0
"365",3346.99,2021-08-23 04:00:00,0
"366",3329.85,2021-08-23 05:00:00,0
"367",3327.5,2021-08-23 06:00:00,0
"368",3323.86,2021-08-23 07:00:00,0
"369",3333.78,2021-08-23 08:00:00,0
"370",3350.59,2021-08-23 09:00:00,0
"371",3331.06,2021-08-23 10:00:00,0
"372",3342.98,2021-08-23 11:00:00,0
"373",3339.79,2021-08-23 12:00:00,0
"374",3344.21,2021-08-23 13:00:00,0
"375",3310.61,2021-08-23 14:00:00,0
"376",3325.98,2021-08-23 15:00:00,0
"377",3351.08,2021-08-23 16:00:00,0
"378",3329.99,2021-08-23 17:00:00,0
"379",3328.44,2021-08-23 18:00:00,0
"380",3309.62,2021-08-23 19:00:00,0
"381",3339.36,2021-08-23 20:00:00,0
"382",3340.29,2021-08-23 21:00:00,0
"383",3333.99,2021-08-23 22:00:00,0
"384",3321.28,2021-08-23 23:00:00,0
"385",3311.44,2021-08-24 00:00:00,0
"386",3293.12,2021-08-24 01:00:00,0
"387",3305.72,2021-08-24 02:00:00,0
"388",3324.33,2021-08-24 03:00:00,0
"389",3335.13,2021-08-24 04:00:00,0
"390",3333.74,2021-08-24 05:00:00,0
"391",3349.65,2021-08-24 06:00:00,0
"392",3346.6,2021-08-24 07:00:00,1
"393",3333.69,2021-08-24 08:00:00,0
"394",3324.91,2021-08-24 09:00:00,0
"395",3308.08,2021-08-24 10:00:00,0
"396",3323.01,2021-08-24 11:00:00,0
"397",3317.5,2021-08-24 12:00:00,0
"398",3250.14,2021-08-24 13:00:00,0
"399",3238,2021-08-24 14:00:00,0
"400",3211.54,2021-08-24 15:00:00,0
"401",3167.51,2021-08-24 16:00:00,0
"402",3178.23,2021-08-24 17:00:00,0
"403",3188.67,2021-08-24 18:00:00,0
"404",3217.44,2021-08-24 19:00:00,0
"405",3217,2021-08-24 20:00:00,0
"406",3198.04,2021-08-24 21:00:00,0
"407",3215.26,2021-08-24 22:00:00,0
"408",3170.62,2021-08-24 23:00:00,0
"409",3195.43,2021-08-25 00:00:00,0
"410",3203.45,2021-08-25 01:00:00,0
"411",3205.52,2021-08-25 02:00:00,0
"412",3175,2021-08-25 03:00:00,0
"413",3175.24,2021-08-25 04:00:00,0
"414",3211.75,2021-08-25 05:00:00,0
"415",3201.01,2021-08-25 06:00:00,0
"416",3183.6,2021-08-25 07:00:00,0
"417",3103.51,2021-08-25 08:00:00,0
"418",3098.01,2021-08-25 09:00:00,0
"419",3124.46,2021-08-25 10:00:00,1
"420",3139.68,2021-08-25 11:00:00,0
"421",3149.18,2021-08-25 12:00:00,1
"422",3132.81,2021-08-25 13:00:00,0
"423",3187.44,2021-08-25 14:00:00,0
"424",3217.17,2021-08-25 15:00:00,0
"425",3215.05,2021-08-25 16:00:00,0
"426",3224.82,2021-08-25 17:00:00,0
"427",3231.8,2021-08-25 18:00:00,0
"428",3214.5,2021-08-25 19:00:00,0
"429",3207.57,2021-08-25 20:00:00,0
"430",3221.96,2021-08-25 21:00:00,0
"431",3217.99,2021-08-25 22:00:00,0
"432",3226.87,2021-08-25 23:00:00,0
"433",3246.32,2021-08-26 00:00:00,0
"434",3210.54,2021-08-26 01:00:00,0
"435",3213.4,2021-08-26 02:00:00,0
"436",3148.84,2021-08-26 03:00:00,0
"437",3158.56,2021-08-26 04:00:00,0
"438",3119.39,2021-08-26 05:00:00,0
"439",3091.77,2021-08-26 06:00:00,0
"440",3105.16,2021-08-26 07:00:00,0
"441",3100.99,2021-08-26 08:00:00,0
"442",3085.05,2021-08-26 09:00:00,0
"443",3099.83,2021-08-26 10:00:00,0
"444",3087.54,2021-08-26 11:00:00,0
"445",3099.4,2021-08-26 12:00:00,0
"446",3125.67,2021-08-26 13:00:00,0
"447",3117.04,2021-08-26 14:00:00,1
"448",3104.77,2021-08-26 15:00:00,0
"449",3110.57,2021-08-26 16:00:00,0
"450",3111.95,2021-08-26 17:00:00,0
"451",3122.38,2021-08-26 18:00:00,0
"452",3108.72,2021-08-26 19:00:00,0
"453",3118.41,2021-08-26 20:00:00,0
"454",3135.72,2021-08-26 21:00:00,0
"455",3125.36,2021-08-26 22:00:00,0
"456",3093.2,2021-08-26 23:00:00,0
"457",3112.98,2021-08-27 00:00:00,0
"458",3119.93,2021-08-27 01:00:00,0
"459",3109.35,2021-08-27 02:00:00,0
"460",3094.26,2021-08-27 03:00:00,0
"461",3102.03,2021-08-27 04:00:00,0
"462",3111.16,2021-08-27 05:00:00,0
"463",3108.45,2021-08-27 06:00:00,1
"464",3127.11,2021-08-27 07:00:00,0
"465",3112.44,2021-08-27 08:00:00,1
"466",3112.19,2021-08-27 09:00:00,0
"467",3120.57,2021-08-27 10:00:00,0
"468",3154.73,2021-08-27 11:00:00,0
"469",3156.13,2021-08-27 12:00:00,0
"470",3165.7,2021-08-27 13:00:00,0
"471",3228.79,2021-08-27 14:00:00,0
"472",3238.97,2021-08-27 15:00:00,0
"473",3232.01,2021-08-27 16:00:00,0
"474",3232.69,2021-08-27 17:00:00,0
"475",3229.95,2021-08-27 18:00:00,0
"476",3232.36,2021-08-27 19:00:00,1
"477",3262.41,2021-08-27 20:00:00,0
"478",3274.06,2021-08-27 21:00:00,0
"479",3273.85,2021-08-27 22:00:00,0
"480",3273.45,2021-08-27 23:00:00,0
"481",3267.87,2021-08-28 00:00:00,0
"482",3260.26,2021-08-28 01:00:00,0
"483",3245.13,2021-08-28 02:00:00,0
"484",3244.46,2021-08-28 03:00:00,0
"485",3248.62,2021-08-28 04:00:00,0
"486",3241.41,2021-08-28 05:00:00,0
"487",3245.65,2021-08-28 06:00:00,0
"488",3230.16,2021-08-28 07:00:00,1
"489",3238.72,2021-08-28 08:00:00,0
"490",3247.38,2021-08-28 09:00:00,0
"491",3239.5,2021-08-28 10:00:00,0
"492",3222.24,2021-08-28 11:00:00,0
"493",3240.14,2021-08-28 12:00:00,0
"494",3229.61,2021-08-28 13:00:00,0
"495",3227.58,2021-08-28 14:00:00,0
"496",3246.15,2021-08-28 15:00:00,0
"497",3246.76,2021-08-28 16:00:00,0
"498",3244.89,2021-08-28 17:00:00,0
"499",3239.26,2021-08-28 18:00:00,0
"500",3230.24,2021-08-28 19:00:00,0
"501",3237.32,2021-08-28 20:00:00,0
"502",3247.36,2021-08-28 21:00:00,0
"503",3233.71,2021-08-28 22:00:00,0
"504",3244.48,2021-08-28 23:00:00,0
"505",3281.27,2021-08-29 00:00:00,1
"506",3269.85,2021-08-29 01:00:00,0
"507",3229.48,2021-08-29 02:00:00,0
"508",3180.28,2021-08-29 03:00:00,0
"509",3178.86,2021-08-29 04:00:00,0
"510",3190.87,2021-08-29 05:00:00,0
"511",3192.06,2021-08-29 06:00:00,0
"512",3206.3,2021-08-29 07:00:00,0
"513",3206.66,2021-08-29 08:00:00,0
"514",3203.66,2021-08-29 09:00:00,0
"515",3203.07,2021-08-29 10:00:00,0
"516",3181.83,2021-08-29 11:00:00,0
"517",3195.56,2021-08-29 12:00:00,0
"518",3186.83,2021-08-29 13:00:00,0
"519",3173.81,2021-08-29 14:00:00,0
"520",3186.99,2021-08-29 15:00:00,0
"521",3204.55,2021-08-29 16:00:00,0
"522",3204.09,2021-08-29 17:00:00,0
"523",3205.11,2021-08-29 18:00:00,0
"524",3220.23,2021-08-29 19:00:00,1
"525",3235.99,2021-08-29 20:00:00,0
"526",3241.64,2021-08-29 21:00:00,0
"527",3235.8,2021-08-29 22:00:00,1
"528",3223.47,2021-08-29 23:00:00,0
"529",3190.53,2021-08-30 00:00:00,0
"530",3205.37,2021-08-30 01:00:00,0
"531",3195.45,2021-08-30 02:00:00,0
"532",3161.64,2021-08-30 03:00:00,0
"533",3163.95,2021-08-30 04:00:00,0
"534",3169.93,2021-08-30 05:00:00,0
"535",3168.94,2021-08-30 06:00:00,0
"536",3180.11,2021-08-30 07:00:00,0
"537",3194.1,2021-08-30 08:00:00,0
"538",3180.63,2021-08-30 09:00:00,0
"539",3191.87,2021-08-30 10:00:00,0
"540",3187.49,2021-08-30 11:00:00,0
"541",3159,2021-08-30 12:00:00,0
"542",3176.99,2021-08-30 13:00:00,0
"543",3169.53,2021-08-30 14:00:00,0
"544",3217.64,2021-08-30 15:00:00,0
"545",3268.62,2021-08-30 16:00:00,0
"546",3290.86,2021-08-30 17:00:00,0
"547",3323.75,2021-08-30 18:00:00,0
"548",3341.16,2021-08-30 19:00:00,0
"549",3339.47,2021-08-30 20:00:00,0
"550",3331.08,2021-08-30 21:00:00,0
"551",3284.13,2021-08-30 22:00:00,0
"552",3229.64,2021-08-30 23:00:00,0
"553",3214.34,2021-08-31 00:00:00,0
"554",3215.3,2021-08-31 01:00:00,0
"555",3219.56,2021-08-31 02:00:00,0
"556",3237.78,2021-08-31 03:00:00,0
"557",3228.5,2021-08-31 04:00:00,0
"558",3237.51,2021-08-31 05:00:00,0
"559",3232.61,2021-08-31 06:00:00,0
"560",3358.12,2021-08-31 07:00:00,1
"561",3345.99,2021-08-31 08:00:00,0
"562",3335.98,2021-08-31 09:00:00,0
"563",3332.03,2021-08-31 10:00:00,0
"564",3429.95,2021-08-31 11:00:00,0
"565",3415.65,2021-08-31 12:00:00,0
"566",3431.67,2021-08-31 13:00:00,0
"567",3377.58,2021-08-31 14:00:00,1
"568",3386.63,2021-08-31 15:00:00,0
"569",3386.83,2021-08-31 16:00:00,0
"570",3364.01,2021-08-31 17:00:00,0
"571",3413.11,2021-08-31 18:00:00,0
"572",3414.3,2021-08-31 19:00:00,0
"573",3390.66,2021-08-31 20:00:00,0
"574",3400.76,2021-08-31 21:00:00,0
"575",3412.86,2021-08-31 22:00:00,0
"576",3429.2,2021-08-31 23:00:00,0
"577",3398.13,2021-09-01 00:00:00,0
"578",3424.97,2021-09-01 01:00:00,0
"579",3420.7,2021-09-01 02:00:00,0
"580",3442.15,2021-09-01 03:00:00,0
"581",3461,2021-09-01 04:00:00,0
"582",3525.84,2021-09-01 05:00:00,0
"583",3519.69,2021-09-01 06:00:00,0
"584",3516.86,2021-09-01 07:00:00,0
"585",3531.99,2021-09-01 08:00:00,0
"586",3538.64,2021-09-01 09:00:00,0
"587",3543.58,2021-09-01 10:00:00,0
"588",3530.99,2021-09-01 11:00:00,0
"589",3536.01,2021-09-01 12:00:00,0
"590",3534.72,2021-09-01 13:00:00,0
"591",3529.5,2021-09-01 14:00:00,0
"592",3580.56,2021-09-01 15:00:00,0
"593",3741.58,2021-09-01 16:00:00,1
"594",3693.06,2021-09-01 17:00:00,0
"595",3697.28,2021-09-01 18:00:00,0
"596",3713.11,2021-09-01 19:00:00,1
"597",3729.02,2021-09-01 20:00:00,0
"598",3768.7,2021-09-01 21:00:00,0
"599",3760.2,2021-09-01 22:00:00,0
"600",3826.82,2021-09-01 23:00:00,0
"601",3778.72,2021-09-02 00:00:00,0
"602",3771.5,2021-09-02 01:00:00,0
"603",3741.76,2021-09-02 02:00:00,0
"604",3763.31,2021-09-02 03:00:00,0
"605",3759.61,2021-09-02 04:00:00,0
"606",3758.43,2021-09-02 05:00:00,0
"607",3753.62,2021-09-02 06:00:00,0
"608",3733.41,2021-09-02 07:00:00,0
"609",3745.96,2021-09-02 08:00:00,0
"610",3738.5,2021-09-02 09:00:00,1
"611",3758.59,2021-09-02 10:00:00,0
"612",3760.62,2021-09-02 11:00:00,0
"613",3775.09,2021-09-02 12:00:00,0
"614",3793.41,2021-09-02 13:00:00,0
"615",3764.43,2021-09-02 14:00:00,0
"616",3756.31,2021-09-02 15:00:00,0
"617",3783.7,2021-09-02 16:00:00,0
"618",3798.75,2021-09-02 17:00:00,1
"619",3778,2021-09-02 18:00:00,1
"620",3783.89,2021-09-02 19:00:00,0
"621",3807.51,2021-09-02 20:00:00,0
"622",3829.39,2021-09-02 21:00:00,0
"623",3803.63,2021-09-02 22:00:00,0
"624",3785.82,2021-09-02 23:00:00,0
"625",3730.46,2021-09-03 00:00:00,0
"626",3742.19,2021-09-03 01:00:00,0
"627",3773.12,2021-09-03 02:00:00,0
"628",3806.83,2021-09-03 03:00:00,0
"629",3810.02,2021-09-03 04:00:00,0
"630",3797.34,2021-09-03 05:00:00,0
"631",3791.84,2021-09-03 06:00:00,1
"632",3797.92,2021-09-03 07:00:00,0
"633",3890.17,2021-09-03 08:00:00,0
"634",3966.62,2021-09-03 09:00:00,0
"635",3950.41,2021-09-03 10:00:00,0
"636",3953.48,2021-09-03 11:00:00,0
"637",3950.74,2021-09-03 12:00:00,0
"638",3963.67,2021-09-03 13:00:00,0
"639",3979.38,2021-09-03 14:00:00,0
"640",3968.8,2021-09-03 15:00:00,0
"641",3970.28,2021-09-03 16:00:00,0
"642",3962.69,2021-09-03 17:00:00,0
"643",3951.87,2021-09-03 18:00:00,0
"644",3943.85,2021-09-03 19:00:00,0
"645",3916.7,2021-09-03 20:00:00,0
"646",3936.45,2021-09-03 21:00:00,0
"647",3886.64,2021-09-03 22:00:00,0
"648",3938.11,2021-09-03 23:00:00,0
"649",3942.8,2021-09-04 00:00:00,0
"650",3920.01,2021-09-04 01:00:00,0
"651",3943.71,2021-09-04 02:00:00,0
"652",3917.76,2021-09-04 03:00:00,0
"653",3905.87,2021-09-04 04:00:00,0
"654",3926,2021-09-04 05:00:00,0
"655",3921.25,2021-09-04 06:00:00,0
"656",3916.75,2021-09-04 07:00:00,0
"657",3933.52,2021-09-04 08:00:00,0
"658",3927.77,2021-09-04 09:00:00,0
"659",3904.58,2021-09-04 10:00:00,0
"660",3886.89,2021-09-04 11:00:00,0
"661",3914.93,2021-09-04 12:00:00,0
"662",3909.08,2021-09-04 13:00:00,0
"663",3902.45,2021-09-04 14:00:00,1
"664",3917.72,2021-09-04 15:00:00,1
"665",3900.52,2021-09-04 16:00:00,0
"666",3879.4,2021-09-04 17:00:00,0
"667",3858.97,2021-09-04 18:00:00,0
"668",3858.41,2021-09-04 19:00:00,0
"669",3878.63,2021-09-04 20:00:00,0
"670",3889.49,2021-09-04 21:00:00,0
"671",3884.57,2021-09-04 22:00:00,0
"672",3885.52,2021-09-04 23:00:00,0
"673",3903.87,2021-09-05 00:00:00,0
"674",3892.2,2021-09-05 01:00:00,0
"675",3890.52,2021-09-05 02:00:00,0
"676",3845,2021-09-05 03:00:00,0
"677",3871.57,2021-09-05 04:00:00,0
"678",3861.87,2021-09-05 05:00:00,0
"679",3875.73,2021-09-05 06:00:00,0
"680",3870.71,2021-09-05 07:00:00,0
"681",3918.01,2021-09-05 08:00:00,0
"682",3928.35,2021-09-05 09:00:00,0
"683",3920.09,2021-09-05 10:00:00,0
"684",3924.56,2021-09-05 11:00:00,0
"685",3931.37,2021-09-05 12:00:00,0
"686",3929.48,2021-09-05 13:00:00,0
"687",3918.82,2021-09-05 14:00:00,0
"688",3907.68,2021-09-05 15:00:00,0
"689",3915.69,2021-09-05 16:00:00,0
"690",3926.76,2021-09-05 17:00:00,0
"691",3921.37,2021-09-05 18:00:00,0
"692",3928.47,2021-09-05 19:00:00,0
"693",3966.81,2021-09-05 20:00:00,0
"694",3951.34,2021-09-05 21:00:00,0
"695",3948,2021-09-05 22:00:00,0
"696",3950.29,2021-09-05 23:00:00,0
"697",3930.51,2021-09-06 00:00:00,0
"698",3927.21,2021-09-06 01:00:00,0
"699",3918.51,2021-09-06 02:00:00,0
"700",3904.98,2021-09-06 03:00:00,0
"701",3921.99,2021-09-06 04:00:00,0
"702",3931.42,2021-09-06 05:00:00,0
"703",3933.07,2021-09-06 06:00:00,0
"704",3943.76,2021-09-06 07:00:00,0
"705",3959.01,2021-09-06 08:00:00,0
"706",3956.42,2021-09-06 09:00:00,0
"707",3947.66,2021-09-06 10:00:00,0
"708",3904.77,2021-09-06 11:00:00,0
"709",3904.14,2021-09-06 12:00:00,1
"710",3916.08,2021-09-06 13:00:00,0
"711",3939.9,2021-09-06 14:00:00,0
"712",3924.98,2021-09-06 15:00:00,0
"713",3926.2,2021-09-06 16:00:00,0
"714",3932.84,2021-09-06 17:00:00,0
"715",3947.47,2021-09-06 18:00:00,0
"716",3937.8,2021-09-06 19:00:00,0
"717",3951.73,2021-09-06 20:00:00,0
"718",3953.33,2021-09-06 21:00:00,0
"719",3939.98,2021-09-06 22:00:00,0
"720",3926.77,2021-09-06 23:00:00,0
"721",3899.7,2021-09-07 00:00:00,0
"722",3918.36,2021-09-07 01:00:00,0
"723",3933.06,2021-09-07 02:00:00,0
"724",3913.67,2021-09-07 03:00:00,0
"725",3916.53,2021-09-07 04:00:00,0
"726",3921.95,2021-09-07 05:00:00,0
"727",3898.98,2021-09-07 06:00:00,0
"728",3883.85,2021-09-07 07:00:00,0
"729",3755.73,2021-09-07 08:00:00,0
"730",3712.94,2021-09-07 09:00:00,1
"731",3763.19,2021-09-07 10:00:00,0
"732",3749.18,2021-09-07 11:00:00,0
"733",3752.9,2021-09-07 12:00:00,0
"734",3729.77,2021-09-07 13:00:00,0
"735",3399.09,2021-09-07 14:00:00,0
"736",3452.7,2021-09-07 15:00:00,0
"737",3560.25,2021-09-07 16:00:00,0
"738",3423.58,2021-09-07 17:00:00,0
"739",3445.48,2021-09-07 18:00:00,0
"740",3411.9,2021-09-07 19:00:00,0
"741",3413.57,2021-09-07 20:00:00,0
"742",3374.43,2021-09-07 21:00:00,0
"743",3435.49,2021-09-07 22:00:00,0
"744",3434.57,2021-09-07 23:00:00,0
"745",3458.6,2021-09-08 00:00:00,0
"746",3522.52,2021-09-08 01:00:00,0
"747",3495.7,2021-09-08 02:00:00,0
"748",3430.32,2021-09-08 03:00:00,0
"749",3438.67,2021-09-08 04:00:00,0
"750",3410.94,2021-09-08 05:00:00,0
"751",3297.02,2021-09-08 06:00:00,0
"752",3258.22,2021-09-08 07:00:00,0
"753",3361.26,2021-09-08 08:00:00,0
"754",3373.22,2021-09-08 09:00:00,0
"755",3393.88,2021-09-08 10:00:00,0
"756",3406.26,2021-09-08 11:00:00,0
"757",3405.27,2021-09-08 12:00:00,0
"758",3406.14,2021-09-08 13:00:00,0
"759",3376.01,2021-09-08 14:00:00,0
"760",3419.35,2021-09-08 15:00:00,0
"761",3489.52,2021-09-08 16:00:00,0
"762",3478.67,2021-09-08 17:00:00,0
"763",3536.15,2021-09-08 18:00:00,0
"764",3523.14,2021-09-08 19:00:00,0
"765",3471.25,2021-09-08 20:00:00,1
"766",3459.26,2021-09-08 21:00:00,0
"767",3535.85,2021-09-08 22:00:00,0
"768",3499,2021-09-08 23:00:00,0
"769",3515.09,2021-09-09 00:00:00,0
"770",3493.09,2021-09-09 01:00:00,0
"771",3448.76,2021-09-09 02:00:00,0
"772",3469.88,2021-09-09 03:00:00,0
"773",3484.53,2021-09-09 04:00:00,0
"774",3506.31,2021-09-09 05:00:00,0
"775",3486.99,2021-09-09 06:00:00,0
"776",3499.42,2021-09-09 07:00:00,0
"777",3528.53,2021-09-09 08:00:00,0
"778",3496.99,2021-09-09 09:00:00,0
"779",3469.89,2021-09-09 10:00:00,0
"780",3479.99,2021-09-09 11:00:00,0
"781",3490.55,2021-09-09 12:00:00,0
"782",3511.64,2021-09-09 13:00:00,0
"783",3523.33,2021-09-09 14:00:00,0
"784",3523.75,2021-09-09 15:00:00,0
"785",3540.3,2021-09-09 16:00:00,0
"786",3514.54,2021-09-09 17:00:00,0
"787",3472.37,2021-09-09 18:00:00,0
"788",3463.68,2021-09-09 19:00:00,0
"789",3431.69,2021-09-09 20:00:00,0
"790",3458.9,2021-09-09 21:00:00,0
"791",3449.84,2021-09-09 22:00:00,0
"792",3424.93,2021-09-09 23:00:00,0
"793",3451.01,2021-09-10 00:00:00,0
"794",3501.04,2021-09-10 01:00:00,0
"795",3473.35,2021-09-10 02:00:00,0
"796",3465.02,2021-09-10 03:00:00,0
"797",3452.36,2021-09-10 04:00:00,0
"798",3455.37,2021-09-10 05:00:00,0
"799",3419.57,2021-09-10 06:00:00,0
"800",3403.12,2021-09-10 07:00:00,0
"801",3375.59,2021-09-10 08:00:00,0
"802",3401,2021-09-10 09:00:00,0
"803",3404.28,2021-09-10 10:00:00,1
"804",3401.42,2021-09-10 11:00:00,0
"805",3373.36,2021-09-10 12:00:00,0
"806",3325.37,2021-09-10 13:00:00,0
"807",3254.43,2021-09-10 14:00:00,0
"808",3298.99,2021-09-10 15:00:00,0
"809",3296.17,2021-09-10 16:00:00,0
"810",3333.7,2021-09-10 17:00:00,0
"811",3328.13,2021-09-10 18:00:00,0
"812",3311.26,2021-09-10 19:00:00,0
"813",3248.6,2021-09-10 20:00:00,0
"814",3184.28,2021-09-10 21:00:00,0
"815",3172.9,2021-09-10 22:00:00,0
"816",3208.86,2021-09-10 23:00:00,0
"817",3241.87,2021-09-11 00:00:00,0
"818",3272.61,2021-09-11 01:00:00,0
"819",3267.48,2021-09-11 02:00:00,0
"820",3241.63,2021-09-11 03:00:00,0
"821",3266.39,2021-09-11 04:00:00,0
"822",3265.77,2021-09-11 05:00:00,0
"823",3267.95,2021-09-11 06:00:00,0
"824",3248.03,2021-09-11 07:00:00,0
"825",3253.19,2021-09-11 08:00:00,1
"826",3278.65,2021-09-11 09:00:00,0
"827",3308.89,2021-09-11 10:00:00,0
"828",3293.12,2021-09-11 11:00:00,0
"829",3318,2021-09-11 12:00:00,0
"830",3323.24,2021-09-11 13:00:00,0
"831",3327.11,2021-09-11 14:00:00,0
"832",3311,2021-09-11 15:00:00,0
"833",3327.24,2021-09-11 16:00:00,0
"834",3317.6,2021-09-11 17:00:00,0
"835",3315.01,2021-09-11 18:00:00,0
"836",3298.35,2021-09-11 19:00:00,0
"837",3294.5,2021-09-11 20:00:00,0
"838",3297.62,2021-09-11 21:00:00,0
"839",3253.24,2021-09-11 22:00:00,0
"840",3267.21,2021-09-11 23:00:00,0
"841",3256.32,2021-09-12 00:00:00,0
"842",3252.29,2021-09-12 01:00:00,0
"843",3291,2021-09-12 02:00:00,0
"844",3327.54,2021-09-12 03:00:00,0
"845",3316.09,2021-09-12 04:00:00,0
"846",3328.71,2021-09-12 05:00:00,0
"847",3295.7,2021-09-12 06:00:00,1
"848",3320.98,2021-09-12 07:00:00,0
"849",3439.76,2021-09-12 08:00:00,0
"850",3414.77,2021-09-12 09:00:00,0
"851",3426.31,2021-09-12 10:00:00,0
"852",3438.06,2021-09-12 11:00:00,0
"853",3435.64,2021-09-12 12:00:00,0
"854",3424.17,2021-09-12 13:00:00,0
"855",3418.37,2021-09-12 14:00:00,0
"856",3416.55,2021-09-12 15:00:00,0
"857",3411.87,2021-09-12 16:00:00,0
"858",3419.23,2021-09-12 17:00:00,0
"859",3405.82,2021-09-12 18:00:00,0
"860",3406.59,2021-09-12 19:00:00,0
"861",3320.93,2021-09-12 20:00:00,0
"862",3336.74,2021-09-12 21:00:00,0
"863",3380,2021-09-12 22:00:00,0
"864",3404.21,2021-09-12 23:00:00,0
"865",3394.64,2021-09-13 00:00:00,0
"866",3328.51,2021-09-13 01:00:00,0
"867",3291.17,2021-09-13 02:00:00,0
"868",3257.7,2021-09-13 03:00:00,0
"869",3278.87,2021-09-13 04:00:00,0
"870",3280.12,2021-09-13 05:00:00,0
"871",3278.6,2021-09-13 06:00:00,0
"872",3203.57,2021-09-13 07:00:00,0
"873",3201.93,2021-09-13 08:00:00,0
"874",3208.41,2021-09-13 09:00:00,0
"875",3232.57,2021-09-13 10:00:00,0
"876",3251.24,2021-09-13 11:00:00,0
"877",3211.27,2021-09-13 12:00:00,0
"878",3313.05,2021-09-13 13:00:00,0
"879",3180.69,2021-09-13 14:00:00,0
"880",3202.62,2021-09-13 15:00:00,0
"881",3209.22,2021-09-13 16:00:00,0
"882",3220.01,2021-09-13 17:00:00,0
"883",3222.12,2021-09-13 18:00:00,0
"884",3253.69,2021-09-13 19:00:00,0
"885",3288.34,2021-09-13 20:00:00,0
"886",3276,2021-09-13 21:00:00,0
"887",3287.28,2021-09-13 22:00:00,0
"888",3285.35,2021-09-13 23:00:00,0
"889",3315.45,2021-09-14 00:00:00,0
"890",3304.41,2021-09-14 01:00:00,0
"891",3283.83,2021-09-14 02:00:00,0
"892",3291.33,2021-09-14 03:00:00,0
"893",3277.85,2021-09-14 04:00:00,0
"894",3288.01,2021-09-14 05:00:00,0
"895",3318.89,2021-09-14 06:00:00,0
"896",3311.86,2021-09-14 07:00:00,0
"897",3343.7,2021-09-14 08:00:00,0
"898",3324.81,2021-09-14 09:00:00,0
"899",3343.3,2021-09-14 10:00:00,0
"900",3330.01,2021-09-14 11:00:00,0
"901",3351.81,2021-09-14 12:00:00,0
"902",3339.82,2021-09-14 13:00:00,0
"903",3344.81,2021-09-14 14:00:00,0
"904",3388.34,2021-09-14 15:00:00,0
"905",3371.62,2021-09-14 16:00:00,0
"906",3380.78,2021-09-14 17:00:00,0
"907",3355.25,2021-09-14 18:00:00,0
"908",3350.11,2021-09-14 19:00:00,0
"909",3374.93,2021-09-14 20:00:00,0
"910",3345.77,2021-09-14 21:00:00,0
"911",3419.54,2021-09-14 22:00:00,0
"912",3434.37,2021-09-14 23:00:00,0
"913",3402.41,2021-09-15 00:00:00,0
"914",3399.97,2021-09-15 01:00:00,0
"915",3415.41,2021-09-15 02:00:00,0
"916",3396.19,2021-09-15 03:00:00,0
"917",3394.68,2021-09-15 04:00:00,0
"918",3392.9,2021-09-15 05:00:00,0
"919",3379.73,2021-09-15 06:00:00,1
"920",3404.19,2021-09-15 07:00:00,0
"921",3395.34,2021-09-15 08:00:00,0
"922",3384,2021-09-15 09:00:00,0
"923",3423.57,2021-09-15 10:00:00,0
"924",3410.76,2021-09-15 11:00:00,0
"925",3405.38,2021-09-15 12:00:00,0
"926",3430.9,2021-09-15 13:00:00,0
"927",3435.46,2021-09-15 14:00:00,0
"928",3498.14,2021-09-15 15:00:00,0
"929",3509.52,2021-09-15 16:00:00,0
"930",3539.63,2021-09-15 17:00:00,0
"931",3540.5,2021-09-15 18:00:00,0
"932",3534.46,2021-09-15 19:00:00,0
"933",3555,2021-09-15 20:00:00,0
"934",3562.79,2021-09-15 21:00:00,0
"935",3593.74,2021-09-15 22:00:00,0
"936",3613.55,2021-09-15 23:00:00,0
"937",3580.59,2021-09-16 00:00:00,0
"938",3591.22,2021-09-16 01:00:00,0
"939",3584.34,2021-09-16 02:00:00,0
"940",3542.91,2021-09-16 03:00:00,0
"941",3650.6,2021-09-16 04:00:00,0
"942",3629.99,2021-09-16 05:00:00,1
"943",3631.99,2021-09-16 06:00:00,0
"944",3634.08,2021-09-16 07:00:00,0
"945",3626.47,2021-09-16 08:00:00,0
"946",3609.98,2021-09-16 09:00:00,0
"947",3593.88,2021-09-16 10:00:00,0
"948",3619.29,2021-09-16 11:00:00,0
"949",3628.94,2021-09-16 12:00:00,1
"950",3559.2,2021-09-16 13:00:00,0
"951",3576.97,2021-09-16 14:00:00,0
"952",3618.2,2021-09-16 15:00:00,0
"953",3601.75,2021-09-16 16:00:00,0
"954",3546.73,2021-09-16 17:00:00,0
"955",3582.43,2021-09-16 18:00:00,0
"956",3562.9,2021-09-16 19:00:00,0
"957",3497.46,2021-09-16 20:00:00,0
"958",3558.47,2021-09-16 21:00:00,0
"959",3553.49,2021-09-16 22:00:00,0
"960",3567.98,2021-09-16 23:00:00,0
"961",3534.19,2021-09-17 00:00:00,0
"962",3588.59,2021-09-17 01:00:00,0
"963",3557.51,2021-09-17 02:00:00,0
"964",3563.03,2021-09-17 03:00:00,0
"965",3577.46,2021-09-17 04:00:00,0
"966",3561.03,2021-09-17 05:00:00,0
"967",3565.62,2021-09-17 06:00:00,0
"968",3520.13,2021-09-17 07:00:00,0
"969",3530.95,2021-09-17 08:00:00,0
"970",3506.3,2021-09-17 09:00:00,0
"971",3460.57,2021-09-17 10:00:00,0
"972",3449.03,2021-09-17 11:00:00,0
"973",3455.05,2021-09-17 12:00:00,0
"974",3450.09,2021-09-17 13:00:00,0
"975",3475.45,2021-09-17 14:00:00,0
"976",3450.78,2021-09-17 15:00:00,0
"977",3457.63,2021-09-17 16:00:00,0
"978",3411.77,2021-09-17 17:00:00,0
"979",3398.43,2021-09-17 18:00:00,0
"980",3424.05,2021-09-17 19:00:00,0
"981",3376.05,2021-09-17 20:00:00,0
"982",3407.49,2021-09-17 21:00:00,0
"983",3373.67,2021-09-17 22:00:00,0
"984",3399.81,2021-09-17 23:00:00,0
"985",3408.68,2021-09-18 00:00:00,0
"986",3409.62,2021-09-18 01:00:00,0
"987",3419.03,2021-09-18 02:00:00,0
"988",3451.42,2021-09-18 03:00:00,0
"989",3480.92,2021-09-18 04:00:00,0
"990",3511.27,2021-09-18 05:00:00,0
"991",3495.89,2021-09-18 06:00:00,0
"992",3503.01,2021-09-18 07:00:00,0
"993",3513.79,2021-09-18 08:00:00,0
"994",3517.51,2021-09-18 09:00:00,0
"995",3523.23,2021-09-18 10:00:00,0
"996",3496.5,2021-09-18 11:00:00,0
"997",3488.48,2021-09-18 12:00:00,0
"998",3481.5,2021-09-18 13:00:00,0
"999",3481.2,2021-09-18 14:00:00,0
"1000",3474.61,2021-09-18 15:00:00,0
"1001",3442.59,2021-09-18 16:00:00,0
"1002",3454.78,2021-09-18 17:00:00,1
"1003",3449.72,2021-09-18 18:00:00,0
"1004",3445.12,2021-09-18 19:00:00,0
"1005",3396.33,2021-09-18 20:00:00,0
"1006",3388.27,2021-09-18 21:00:00,0
"1007",3418.33,2021-09-18 22:00:00,0
"1008",3435.64,2021-09-18 23:00:00,0
"1009",3404.69,2021-09-19 00:00:00,0
"1010",3416.11,2021-09-19 01:00:00,0
"1011",3419.75,2021-09-19 02:00:00,0
"1012",3413.47,2021-09-19 03:00:00,0
"1013",3411.42,2021-09-19 04:00:00,0
"1014",3424.4,2021-09-19 05:00:00,0
"1015",3434.56,2021-09-19 06:00:00,0
"1016",3440.72,2021-09-19 07:00:00,0
"1017",3441.96,2021-09-19 08:00:00,0
"1018",3423.64,2021-09-19 09:00:00,0
"1019",3408.16,2021-09-19 10:00:00,0
"1020",3326.19,2021-09-19 11:00:00,0
"1021",3339.7,2021-09-19 12:00:00,0
"1022",3352.34,2021-09-19 13:00:00,0
"1023",3341.97,2021-09-19 14:00:00,0
"1024",3363.34,2021-09-19 15:00:00,0
"1025",3356.69,2021-09-19 16:00:00,0
"1026",3343.65,2021-09-19 17:00:00,0
"1027",3363.05,2021-09-19 18:00:00,0
"1028",3337.93,2021-09-19 19:00:00,0
"1029",3359.39,2021-09-19 20:00:00,0
"1030",3343.77,2021-09-19 21:00:00,0
"1031",3297.75,2021-09-19 22:00:00,0
"1032",3328.62,2021-09-19 23:00:00,0
"1033",3284.26,2021-09-20 00:00:00,0
"1034",3313,2021-09-20 01:00:00,0
"1035",3206.41,2021-09-20 02:00:00,0
"1036",3187.09,2021-09-20 03:00:00,0
"1037",3200,2021-09-20 04:00:00,0
"1038",3203.24,2021-09-20 05:00:00,0
"1039",3184.76,2021-09-20 06:00:00,0
"1040",3127.15,2021-09-20 07:00:00,0
"1041",3158,2021-09-20 08:00:00,0
"1042",3133.42,2021-09-20 09:00:00,0
"1043",3122.38,2021-09-20 10:00:00,0
"1044",3042.45,2021-09-20 11:00:00,0
"1045",3024.34,2021-09-20 12:00:00,0
"1046",3087.69,2021-09-20 13:00:00,0
"1047",3059.31,2021-09-20 14:00:00,0
"1048",3087.55,2021-09-20 15:00:00,0
"1049",3092.02,2021-09-20 16:00:00,0
"1050",3098.44,2021-09-20 17:00:00,0
"1051",3020.3,2021-09-20 18:00:00,0
"1052",3072.02,2021-09-20 19:00:00,0
"1053",3019.17,2021-09-20 20:00:00,0
"1054",3017.01,2021-09-20 21:00:00,0
"1055",2993.66,2021-09-20 22:00:00,0
"1056",2977.28,2021-09-20 23:00:00,0
"1057",2882.16,2021-09-21 00:00:00,0
"1058",2992.47,2021-09-21 01:00:00,0
"1059",3017.16,2021-09-21 02:00:00,0
"1060",2998.78,2021-09-21 03:00:00,0
"1061",2975.63,2021-09-21 04:00:00,0
"1062",2995.15,2021-09-21 05:00:00,0
"1063",3038.69,2021-09-21 06:00:00,0
"1064",3073.95,2021-09-21 07:00:00,0
"1065",3076.59,2021-09-21 08:00:00,0
"1066",3050.37,2021-09-21 09:00:00,0
"1067",3082.07,2021-09-21 10:00:00,0
"1068",3062.72,2021-09-21 11:00:00,0
"1069",3023.52,2021-09-21 12:00:00,0
"1070",3031.52,2021-09-21 13:00:00,0
"1071",2990.61,2021-09-21 14:00:00,0
"1072",3035.24,2021-09-21 15:00:00,0
"1073",2944.44,2021-09-21 16:00:00,0
"1074",2898.63,2021-09-21 17:00:00,0
"1075",2899.3,2021-09-21 18:00:00,1
"1076",2886.84,2021-09-21 19:00:00,0
"1077",2767.93,2021-09-21 20:00:00,0
"1078",2819.36,2021-09-21 21:00:00,0
"1079",2724.12,2021-09-21 22:00:00,0
"1080",2765.9,2021-09-21 23:00:00,0
"1081",2774.85,2021-09-22 00:00:00,0
"1082",2868.98,2021-09-22 01:00:00,0
"1083",2860.41,2021-09-22 02:00:00,0
"1084",2867.12,2021-09-22 03:00:00,0
"1085",2843.24,2021-09-22 04:00:00,0
"1086",2873.77,2021-09-22 05:00:00,0
"1087",2930.6,2021-09-22 06:00:00,0
"1088",2942.07,2021-09-22 07:00:00,0
"1089",2927.14,2021-09-22 08:00:00,0
"1090",2945.09,2021-09-22 09:00:00,0
"1091",2930.52,2021-09-22 10:00:00,0
"1092",2894.48,2021-09-22 11:00:00,0
"1093",2920,2021-09-22 12:00:00,0
"1094",2949.5,2021-09-22 13:00:00,0
"1095",2934.01,2021-09-22 14:00:00,0
"1096",3007.22,2021-09-22 15:00:00,0
"1097",3043.09,2021-09-22 16:00:00,0
"1098",3017.21,2021-09-22 17:00:00,0
"1099",3012.88,2021-09-22 18:00:00,0
"1100",3023.73,2021-09-22 19:00:00,0
"1101",3025.75,2021-09-22 20:00:00,0
"1102",3034.57,2021-09-22 21:00:00,0
"1103",3069.42,2021-09-22 22:00:00,0
"1104",3076.92,2021-09-22 23:00:00,0
"1105",3042.86,2021-09-23 00:00:00,0
"1106",3069.88,2021-09-23 01:00:00,0
"1107",3076.23,2021-09-23 02:00:00,0
"1108",3118.5,2021-09-23 03:00:00,0
"1109",3112.75,2021-09-23 04:00:00,0
"1110",3113.32,2021-09-23 05:00:00,0
"1111",3133.92,2021-09-23 06:00:00,0
"1112",3145.95,2021-09-23 07:00:00,0
"1113",3118.38,2021-09-23 08:00:00,0
"1114",3112.13,2021-09-23 09:00:00,0
"1115",3086.86,2021-09-23 10:00:00,0
"1116",3060.24,2021-09-23 11:00:00,0
"1117",3068.81,2021-09-23 12:00:00,0
"1118",3111.3,2021-09-23 13:00:00,0
"1119",3134.64,2021-09-23 14:00:00,0
"1120",3092.37,2021-09-23 15:00:00,0
"1121",3100.88,2021-09-23 16:00:00,0
"1122",3162.4,2021-09-23 17:00:00,0
"1123",3146.46,2021-09-23 18:00:00,0
"1124",3147.87,2021-09-23 19:00:00,0
"1125",3139.78,2021-09-23 20:00:00,0
"1126",3143.57,2021-09-23 21:00:00,0
"1127",3139.79,2021-09-23 22:00:00,0
"1128",3152.5,2021-09-23 23:00:00,0
"1129",3127.12,2021-09-24 00:00:00,0
"1130",3097.62,2021-09-24 01:00:00,1
"1131",3101.84,2021-09-24 02:00:00,0
"1132",3074.93,2021-09-24 03:00:00,0
"1133",3079.03,2021-09-24 04:00:00,0
"1134",3073.4,2021-09-24 05:00:00,0
"1135",3059.49,2021-09-24 06:00:00,0
"1136",3087.82,2021-09-24 07:00:00,0
"1137",3057.57,2021-09-24 08:00:00,0
"1138",2858.89,2021-09-24 09:00:00,0
"1139",2833.77,2021-09-24 10:00:00,0
"1140",2827.91,2021-09-24 11:00:00,0
"1141",2805,2021-09-24 12:00:00,0
"1142",2861.92,2021-09-24 13:00:00,0
"1143",2897.54,2021-09-24 14:00:00,0
"1144",2877.13,2021-09-24 15:00:00,0
"1145",2906.56,2021-09-24 16:00:00,0
"1146",2881.98,2021-09-24 17:00:00,0
"1147",2892.72,2021-09-24 18:00:00,0
"1148",2901.78,2021-09-24 19:00:00,0
"1149",2943.52,2021-09-24 20:00:00,0
"1150",2957.66,2021-09-24 21:00:00,0
"1151",2956.61,2021-09-24 22:00:00,0
"1152",2928.53,2021-09-24 23:00:00,0
"1153",2943.82,2021-09-25 00:00:00,0
"1154",2911.81,2021-09-25 01:00:00,0
"1155",2897.12,2021-09-25 02:00:00,0
"1156",2912.15,2021-09-25 03:00:00,0
"1157",2929.58,2021-09-25 04:00:00,0
"1158",2908.6,2021-09-25 05:00:00,0
"1159",2930.84,2021-09-25 06:00:00,0
"1160",2887.38,2021-09-25 07:00:00,0
"1161",2906.95,2021-09-25 08:00:00,0
"1162",2938.62,2021-09-25 09:00:00,0
"1163",2939.35,2021-09-25 10:00:00,0
"1164",2913.12,2021-09-25 11:00:00,0
"1165",2904.12,2021-09-25 12:00:00,0
"1166",2903.46,2021-09-25 13:00:00,0
"1167",2871.93,2021-09-25 14:00:00,0
"1168",2922.23,2021-09-25 15:00:00,0
"1169",2900.12,2021-09-25 16:00:00,0
"1170",2898.5,2021-09-25 17:00:00,0
"1171",2897.73,2021-09-25 18:00:00,0
"1172",2916.77,2021-09-25 19:00:00,0
"1173",2920.6,2021-09-25 20:00:00,0
"1174",2913.37,2021-09-25 21:00:00,0
"1175",2933.18,2021-09-25 22:00:00,0
"1176",2921.73,2021-09-25 23:00:00,0
"1177",2896.59,2021-09-26 00:00:00,0
"1178",2875.87,2021-09-26 01:00:00,0
"1179",2856.27,2021-09-26 02:00:00,0
"1180",2866.52,2021-09-26 03:00:00,0
"1181",2847.65,2021-09-26 04:00:00,0
"1182",2839.41,2021-09-26 05:00:00,0
"1183",2814.79,2021-09-26 06:00:00,0
"1184",2772.77,2021-09-26 07:00:00,0
"1185",2786.12,2021-09-26 08:00:00,0
"1186",2981.2,2021-09-26 09:00:00,0
"1187",2952.37,2021-09-26 10:00:00,0
"1188",2974.28,2021-09-26 11:00:00,0
"1189",3010.21,2021-09-26 12:00:00,0
"1190",3002.01,2021-09-26 13:00:00,0
"1191",3030.48,2021-09-26 14:00:00,0
"1192",3053.17,2021-09-26 15:00:00,0
"1193",3035.88,2021-09-26 16:00:00,0
"1194",3037,2021-09-26 17:00:00,0
"1195",3041.33,2021-09-26 18:00:00,0
"1196",3057.62,2021-09-26 19:00:00,0
"1197",3087.45,2021-09-26 20:00:00,0
"1198",3085.71,2021-09-26 21:00:00,0
"1199",3018.79,2021-09-26 22:00:00,0
"1200",3059.37,2021-09-26 23:00:00,0
"1201",3137.01,2021-09-27 00:00:00,0
"1202",3159.86,2021-09-27 01:00:00,0
"1203",3139.77,2021-09-27 02:00:00,0
"1204",3131.91,2021-09-27 03:00:00,0
"1205",3120.93,2021-09-27 04:00:00,0
"1206",3130.29,2021-09-27 05:00:00,0
"1207",3091.07,2021-09-27 06:00:00,0
"1208",3091.29,2021-09-27 07:00:00,0
"1209",3110,2021-09-27 08:00:00,0
"1210",3090.73,2021-09-27 09:00:00,0
"1211",3100.67,2021-09-27 10:00:00,0
"1212",3092.79,2021-09-27 11:00:00,0
"1213",3074.17,2021-09-27 12:00:00,0
"1214",3069.61,2021-09-27 13:00:00,1
"1215",3052.09,2021-09-27 14:00:00,0
"1216",3059.13,2021-09-27 15:00:00,0
"1217",3008.76,2021-09-27 16:00:00,0
"1218",3000.4,2021-09-27 17:00:00,0
"1219",3000.48,2021-09-27 18:00:00,0
"1220",2992.96,2021-09-27 19:00:00,0
"1221",2954.56,2021-09-27 20:00:00,0
"1222",2996.18,2021-09-27 21:00:00,0
"1223",3002.77,2021-09-27 22:00:00,0
"1224",2925.59,2021-09-27 23:00:00,0
"1225",2931.65,2021-09-28 00:00:00,0
"1226",2936.74,2021-09-28 01:00:00,0
"1227",2939.07,2021-09-28 02:00:00,0
"1228",2948.97,2021-09-28 03:00:00,0
"1229",2960.89,2021-09-28 04:00:00,0
"1230",2943.37,2021-09-28 05:00:00,0
"1231",2930.7,2021-09-28 06:00:00,0
"1232",2894.34,2021-09-28 07:00:00,0
"1233",2908,2021-09-28 08:00:00,0
"1234",2909.94,2021-09-28 09:00:00,0
"1235",2902.14,2021-09-28 10:00:00,0
"1236",2926.8,2021-09-28 11:00:00,0
"1237",2899.53,2021-09-28 12:00:00,0
"1238",2915.05,2021-09-28 13:00:00,0
"1239",2862.63,2021-09-28 14:00:00,0
"1240",2844.4,2021-09-28 15:00:00,0
"1241",2821.1,2021-09-28 16:00:00,0
"1242",2830.19,2021-09-28 17:00:00,0
"1243",2836.74,2021-09-28 18:00:00,0
"1244",2838.71,2021-09-28 19:00:00,0
"1245",2862.54,2021-09-28 20:00:00,0
"1246",2882.23,2021-09-28 21:00:00,0
"1247",2834.46,2021-09-28 22:00:00,0
"1248",2804.91,2021-09-28 23:00:00,0
"1249",2844.82,2021-09-29 00:00:00,0
"1250",2851.4,2021-09-29 01:00:00,0
"1251",2867.58,2021-09-29 02:00:00,0
"1252",2895.95,2021-09-29 03:00:00,0
"1253",2908.23,2021-09-29 04:00:00,0
"1254",2909.99,2021-09-29 05:00:00,0
"1255",2928.33,2021-09-29 06:00:00,0
"1256",2922.12927452265,2021-09-29 07:00:00,0
"1257",2916.85937980837,2021-09-29 08:00:00,0
"1258",2910.69,2021-09-29 09:00:00,0
"1259",2928.13,2021-09-29 10:00:00,0
"1260",2933.75,2021-09-29 11:00:00,0
"1261",2910.24,2021-09-29 12:00:00,0
"1262",2917.61,2021-09-29 13:00:00,1
"1263",2924.56,2021-09-29 14:00:00,0
"1264",2861.19,2021-09-29 15:00:00,0
"1265",2844.28,2021-09-29 16:00:00,0
"1266",2814.39,2021-09-29 17:00:00,0
"1267",2818.96,2021-09-29 18:00:00,0
"1268",2810.16,2021-09-29 19:00:00,1
"1269",2822.14,2021-09-29 20:00:00,0
"1270",2821.99,2021-09-29 21:00:00,0
"1271",2837.39,2021-09-29 22:00:00,0
"1272",2850.45,2021-09-29 23:00:00,0
"1273",2932.29,2021-09-30 00:00:00,0
"1274",2960.68,2021-09-30 01:00:00,0
"1275",2990.87,2021-09-30 02:00:00,0
"1276",3027.46,2021-09-30 03:00:00,0
"1277",3018.43,2021-09-30 04:00:00,0
"1278",3028.14,2021-09-30 05:00:00,0
"1279",3021.4,2021-09-30 06:00:00,0
"1280",3001.59,2021-09-30 07:00:00,0
"1281",2976.56,2021-09-30 08:00:00,0
"1282",2980.65,2021-09-30 09:00:00,0
"1283",2951.58,2021-09-30 10:00:00,0
"1284",2963.35,2021-09-30 11:00:00,0
"1285",3008.36,2021-09-30 12:00:00,0
"1286",2973.98,2021-09-30 13:00:00,0
"1287",2978.41,2021-09-30 14:00:00,0
"1288",2985.67,2021-09-30 15:00:00,0
"1289",2982.34,2021-09-30 16:00:00,0
"1290",2995.3,2021-09-30 17:00:00,0
"1291",3036.73,2021-09-30 18:00:00,0
"1292",2992.23,2021-09-30 19:00:00,0
"1293",2972.82,2021-09-30 20:00:00,0
"1294",3004.9,2021-09-30 21:00:00,0
"1295",3003.58,2021-09-30 22:00:00,0
"1296",3000.61,2021-09-30 23:00:00,1
"1297",3020.09,2021-10-01 00:00:00,0
"1298",3021.65,2021-10-01 01:00:00,0
"1299",2988.85,2021-10-01 02:00:00,0
"1300",3002.98,2021-10-01 03:00:00,0
"1301",2999.93,2021-10-01 04:00:00,0
"1302",3017.44,2021-10-01 05:00:00,0
"1303",3026.21,2021-10-01 06:00:00,0
"1304",3091.46,2021-10-01 07:00:00,0
"1305",3120.81,2021-10-01 08:00:00,0
"1306",3114.74,2021-10-01 09:00:00,0
"1307",3205.78,2021-10-01 10:00:00,1
"1308",3235.49,2021-10-01 11:00:00,0
"1309",3221.69,2021-10-01 12:00:00,0
"1310",3200.3,2021-10-01 13:00:00,0
"1311",3211.74,2021-10-01 14:00:00,0
"1312",3235.7,2021-10-01 15:00:00,0
"1313",3276.55,2021-10-01 16:00:00,0
"1314",3276.24,2021-10-01 17:00:00,0
"1315",3292.61,2021-10-01 18:00:00,0
"1316",3297.65,2021-10-01 19:00:00,0
"1317",3290.27,2021-10-01 20:00:00,0
"1318",3323.94,2021-10-01 21:00:00,0
"1319",3286.35,2021-10-01 22:00:00,0
"1320",3309.91,2021-10-01 23:00:00,0
"1321",3294.11,2021-10-02 00:00:00,0
"1322",3296.35,2021-10-02 01:00:00,0
"1323",3290.28,2021-10-02 02:00:00,0
"1324",3267.31,2021-10-02 03:00:00,0
"1325",3272.7,2021-10-02 04:00:00,0
"1326",3280.1,2021-10-02 05:00:00,0
"1327",3283.89,2021-10-02 06:00:00,0
"1328",3279.9,2021-10-02 07:00:00,0
"1329",3284.53,2021-10-02 08:00:00,0
"1330",3299.58,2021-10-02 09:00:00,0
"1331",3284.77,2021-10-02 10:00:00,0
"1332",3296.54,2021-10-02 11:00:00,0
"1333",3300.28,2021-10-02 12:00:00,0
"1334",3315.23,2021-10-02 13:00:00,0
"1335",3367.72,2021-10-02 14:00:00,0
"1336",3386.54,2021-10-02 15:00:00,0
"1337",3433.99,2021-10-02 16:00:00,0
"1338",3429.82,2021-10-02 17:00:00,0
"1339",3439.4,2021-10-02 18:00:00,0
"1340",3467.35,2021-10-02 19:00:00,0
"1341",3426.29,2021-10-02 20:00:00,0
"1342",3447.17,2021-10-02 21:00:00,0
"1343",3422.9,2021-10-02 22:00:00,0
"1344",3387.76,2021-10-02 23:00:00,0
"1345",3364.61,2021-10-03 00:00:00,0
"1346",3387.58,2021-10-03 01:00:00,0
"1347",3398.76,2021-10-03 02:00:00,0
"1348",3404.97,2021-10-03 03:00:00,0
"1349",3398.07,2021-10-03 04:00:00,0
"1350",3417.76,2021-10-03 05:00:00,0
"1351",3412.66,2021-10-03 06:00:00,0
"1352",3393.07,2021-10-03 07:00:00,1
"1353",3392.21,2021-10-03 08:00:00,0
"1354",3391.15,2021-10-03 09:00:00,0
"1355",3390.41,2021-10-03 10:00:00,0
"1356",3413.9,2021-10-03 11:00:00,0
"1357",3408.98,2021-10-03 12:00:00,0
"1358",3437.05,2021-10-03 13:00:00,0
"1359",3425.99,2021-10-03 14:00:00,0
"1360",3404.75,2021-10-03 15:00:00,0
"1361",3420.08,2021-10-03 16:00:00,0
"1362",3464.71,2021-10-03 17:00:00,0
"1363",3464.03,2021-10-03 18:00:00,0
"1364",3467.43,2021-10-03 19:00:00,0
"1365",3422,2021-10-03 20:00:00,0
"1366",3391.51,2021-10-03 21:00:00,0
"1367",3407.92,2021-10-03 22:00:00,0
"1368",3417.73,2021-10-03 23:00:00,0
"1369",3368.27,2021-10-04 00:00:00,0
"1370",3375.48,2021-10-04 01:00:00,0
"1371",3359.74,2021-10-04 02:00:00,0
"1372",3335.31,2021-10-04 03:00:00,0
"1373",3354.35,2021-10-04 04:00:00,0
"1374",3364.06,2021-10-04 05:00:00,0
"1375",3346.57,2021-10-04 06:00:00,1
"1376",3378.24,2021-10-04 07:00:00,0
"1377",3350,2021-10-04 08:00:00,0
"1378",3353.28,2021-10-04 09:00:00,0
"1379",3344.66,2021-10-04 10:00:00,0
"1380",3313.39,2021-10-04 11:00:00,0
"1381",3344.96,2021-10-04 12:00:00,0
"1382",3388.3,2021-10-04 13:00:00,0
"1383",3320.01,2021-10-04 14:00:00,0
"1384",3322.51,2021-10-04 15:00:00,0
"1385",3362.57,2021-10-04 16:00:00,0
"1386",3411.26,2021-10-04 17:00:00,0
"1387",3421.3,2021-10-04 18:00:00,0
"1388",3415.84,2021-10-04 19:00:00,0
"1389",3383.13,2021-10-04 20:00:00,0
"1390",3396.37,2021-10-04 21:00:00,0
"1391",3372.62,2021-10-04 22:00:00,0
"1392",3386.31,2021-10-04 23:00:00,0
"1393",3405.94,2021-10-05 00:00:00,0
"1394",3386.44,2021-10-05 01:00:00,0
"1395",3389.16,2021-10-05 02:00:00,0
"1396",3387.96,2021-10-05 03:00:00,0
"1397",3368.7,2021-10-05 04:00:00,0
"1398",3384.28,2021-10-05 05:00:00,0
"1399",3383.89,2021-10-05 06:00:00,0
"1400",3389,2021-10-05 07:00:00,0
"1401",3418.22,2021-10-05 08:00:00,0
"1402",3450.47,2021-10-05 09:00:00,0
"1403",3437.09,2021-10-05 10:00:00,0
"1404",3445.02,2021-10-05 11:00:00,0
"1405",3453.81,2021-10-05 12:00:00,1
"1406",3456.81,2021-10-05 13:00:00,0
"1407",3431.01,2021-10-05 14:00:00,0
"1408",3418.35,2021-10-05 15:00:00,0
"1409",3434.43,2021-10-05 16:00:00,0
"1410",3433.52,2021-10-05 17:00:00,0
"1411",3457.12,2021-10-05 18:00:00,0
"1412",3490.55,2021-10-05 19:00:00,0
"1413",3524.39,2021-10-05 20:00:00,0
"1414",3536.48,2021-10-05 21:00:00,0
"1415",3510.24,2021-10-05 22:00:00,0
"1416",3515.27,2021-10-05 23:00:00,0
"1417",3523.77,2021-10-06 00:00:00,0
"1418",3493.91,2021-10-06 01:00:00,0
"1419",3502,2021-10-06 02:00:00,0
"1420",3486.63,2021-10-06 03:00:00,0
"1421",3473.54,2021-10-06 04:00:00,0
"1422",3491.89,2021-10-06 05:00:00,0
"1423",3489.66,2021-10-06 06:00:00,0
"1424",3456.12,2021-10-06 07:00:00,0
"1425",3379.16,2021-10-06 08:00:00,0
"1426",3363.19,2021-10-06 09:00:00,0
"1427",3375.9,2021-10-06 10:00:00,0
"1428",3381.22,2021-10-06 11:00:00,0
"1429",3456.21,2021-10-06 12:00:00,1
"1430",3580.44,2021-10-06 13:00:00,0
"1431",3598.71,2021-10-06 14:00:00,0
"1432",3613.01,2021-10-06 15:00:00,0
"1433",3597.55,2021-10-06 16:00:00,0
"1434",3577.45,2021-10-06 17:00:00,0
"1435",3582.8,2021-10-06 18:00:00,0
"1436",3587.58,2021-10-06 19:00:00,0
"1437",3560.75,2021-10-06 20:00:00,0
"1438",3585.36,2021-10-06 21:00:00,0
"1439",3588.61,2021-10-06 22:00:00,0
"1440",3574.89,2021-10-06 23:00:00,0
"1441",3539.01,2021-10-07 00:00:00,0
"1442",3516.75,2021-10-07 01:00:00,0
"1443",3532.32,2021-10-07 02:00:00,0
"1444",3519.54,2021-10-07 03:00:00,0
"1445",3541.38,2021-10-07 04:00:00,0
"1446",3539.3,2021-10-07 05:00:00,0
"1447",3530.54,2021-10-07 06:00:00,0
"1448",3611.4,2021-10-07 07:00:00,0
"1449",3588.82,2021-10-07 08:00:00,0
"1450",3566.11,2021-10-07 09:00:00,0
"1451",3550.99,2021-10-07 10:00:00,0
"1452",3575.86,2021-10-07 11:00:00,0
"1453",3567.09,2021-10-07 12:00:00,0
"1454",3630.06,2021-10-07 13:00:00,1
"1455",3561.88,2021-10-07 14:00:00,0
"1456",3584.99,2021-10-07 15:00:00,0
"1457",3596.18,2021-10-07 16:00:00,1
"1458",3609.57,2021-10-07 17:00:00,0
"1459",3591.68,2021-10-07 18:00:00,0
"1460",3606.18,2021-10-07 19:00:00,0
"1461",3623.51,2021-10-07 20:00:00,0
"1462",3634.51,2021-10-07 21:00:00,0
"1463",3605.9,2021-10-07 22:00:00,0
"1464",3587.47,2021-10-07 23:00:00,0
"1465",3604.01,2021-10-08 00:00:00,0
"1466",3608.5,2021-10-08 01:00:00,0
"1467",3568.7,2021-10-08 02:00:00,0
"1468",3574.31,2021-10-08 03:00:00,0
"1469",3573.84,2021-10-08 04:00:00,0
"1470",3583.75,2021-10-08 05:00:00,0
"1471",3580.79,2021-10-08 06:00:00,0
"1472",3602.7,2021-10-08 07:00:00,0
"1473",3662.23,2021-10-08 08:00:00,0
"1474",3626.18,2021-10-08 09:00:00,0
"1475",3626.99,2021-10-08 10:00:00,0
"1476",3610.82,2021-10-08 11:00:00,0
"1477",3601.15,2021-10-08 12:00:00,0
"1478",3596.65,2021-10-08 13:00:00,0
"1479",3648.84,2021-10-08 14:00:00,0
"1480",3620.96,2021-10-08 15:00:00,0
"1481",3629.75,2021-10-08 16:00:00,0
"1482",3625.13,2021-10-08 17:00:00,0
"1483",3624.22,2021-10-08 18:00:00,0
"1484",3625.25,2021-10-08 19:00:00,0
"1485",3555.62,2021-10-08 20:00:00,0
"1486",3574,2021-10-08 21:00:00,0
"1487",3575.92,2021-10-08 22:00:00,0
"1488",3563.13,2021-10-08 23:00:00,0
"1489",3582.79,2021-10-09 00:00:00,0
"1490",3558.44,2021-10-09 01:00:00,0
"1491",3574.95,2021-10-09 02:00:00,0
"1492",3579.48,2021-10-09 03:00:00,0
"1493",3587.25,2021-10-09 04:00:00,0
"1494",3586.1,2021-10-09 05:00:00,0
"1495",3601.47,2021-10-09 06:00:00,0
"1496",3606.3,2021-10-09 07:00:00,0
"1497",3582.55,2021-10-09 08:00:00,0
"1498",3596.4,2021-10-09 09:00:00,0
"1499",3611.85,2021-10-09 10:00:00,1
"1500",3596.98,2021-10-09 11:00:00,0
"1501",3602.81,2021-10-09 12:00:00,0
"1502",3621.96,2021-10-09 13:00:00,0
"1503",3616.1,2021-10-09 14:00:00,0
"1504",3600.76,2021-10-09 15:00:00,0
"1505",3586.99,2021-10-09 16:00:00,0
"1506",3593.61,2021-10-09 17:00:00,0
"1507",3597.1,2021-10-09 18:00:00,0
"1508",3582.54,2021-10-09 19:00:00,0
"1509",3579.54,2021-10-09 20:00:00,0
"1510",3588.65,2021-10-09 21:00:00,0
"1511",3587.97,2021-10-09 22:00:00,0
"1512",3574.82,2021-10-09 23:00:00,0
"1513",3567.57,2021-10-10 00:00:00,0
"1514",3505.28,2021-10-10 01:00:00,0
"1515",3526.45,2021-10-10 02:00:00,0
"1516",3530.53,2021-10-10 03:00:00,0
"1517",3571.9,2021-10-10 04:00:00,0
"1518",3565.96,2021-10-10 05:00:00,0
"1519",3596.2,2021-10-10 06:00:00,1
"1520",3582.18,2021-10-10 07:00:00,0
"1521",3590.04,2021-10-10 08:00:00,0
"1522",3571.91,2021-10-10 09:00:00,0
"1523",3566.43,2021-10-10 10:00:00,0
"1524",3563.3,2021-10-10 11:00:00,0
"1525",3543.39,2021-10-10 12:00:00,0
"1526",3548.57,2021-10-10 13:00:00,0
"1527",3550,2021-10-10 14:00:00,0
"1528",3557.65,2021-10-10 15:00:00,0
"1529",3546.54,2021-10-10 16:00:00,0
"1530",3522.94,2021-10-10 17:00:00,0
"1531",3527.77,2021-10-10 18:00:00,0
"1532",3528.5,2021-10-10 19:00:00,1
"1533",3513.88,2021-10-10 20:00:00,0
"1534",3456.01,2021-10-10 21:00:00,0
"1535",3466.08,2021-10-10 22:00:00,0
"1536",3414.22,2021-10-10 23:00:00,0
"1537",3443.59,2021-10-11 00:00:00,0
"1538",3450.81,2021-10-11 01:00:00,0
"1539",3477.06,2021-10-11 02:00:00,0
"1540",3518.15,2021-10-11 03:00:00,0
"1541",3519.99,2021-10-11 04:00:00,0
"1542",3524.88,2021-10-11 05:00:00,0
"1543",3519.22,2021-10-11 06:00:00,0
"1544",3577.07,2021-10-11 07:00:00,0
"1545",3601.73,2021-10-11 08:00:00,0
"1546",3579.19,2021-10-11 09:00:00,0
"1547",3558.7,2021-10-11 10:00:00,0
"1548",3558.71,2021-10-11 11:00:00,1
"1549",3569.64,2021-10-11 12:00:00,0
"1550",3590.63,2021-10-11 13:00:00,0
"1551",3597.15,2021-10-11 14:00:00,0
"1552",3593.57,2021-10-11 15:00:00,0
"1553",3575.61,2021-10-11 16:00:00,0
"1554",3563.76,2021-10-11 17:00:00,0
"1555",3551.5,2021-10-11 18:00:00,0
"1556",3515,2021-10-11 19:00:00,0
"1557",3491.7,2021-10-11 20:00:00,0
"1558",3517.98,2021-10-11 21:00:00,0
"1559",3511.87,2021-10-11 22:00:00,1
"1560",3542.12,2021-10-11 23:00:00,0
"1561",3503.1,2021-10-12 00:00:00,0
"1562",3516.75,2021-10-12 01:00:00,0
"1563",3481.97,2021-10-12 02:00:00,0
"1564",3486.21,2021-10-12 03:00:00,0
"1565",3497.4,2021-10-12 04:00:00,0
"1566",3510.94,2021-10-12 05:00:00,0
"1567",3479.14,2021-10-12 06:00:00,0
"1568",3481.59,2021-10-12 07:00:00,0
"1569",3497.22,2021-10-12 08:00:00,0
"1570",3439.5,2021-10-12 09:00:00,0
"1571",3462.6,2021-10-12 10:00:00,0
"1572",3456.95,2021-10-12 11:00:00,0
"1573",3417.83,2021-10-12 12:00:00,0
"1574",3495.89,2021-10-12 13:00:00,0
"1575",3485.15,2021-10-12 14:00:00,0
"1576",3505.02,2021-10-12 15:00:00,0
"1577",3513.92,2021-10-12 16:00:00,0
"1578",3487.14,2021-10-12 17:00:00,0
"1579",3486.9,2021-10-12 18:00:00,0
"1580",3465.67,2021-10-12 19:00:00,1
"1581",3479.58,2021-10-12 20:00:00,0
"1582",3486.72,2021-10-12 21:00:00,0
"1583",3500.19,2021-10-12 22:00:00,0
"1584",3491.46,2021-10-12 23:00:00,0
"1585",3523.94,2021-10-13 00:00:00,0
"1586",3499.77,2021-10-13 01:00:00,0
"1587",3517.32,2021-10-13 02:00:00,0
"1588",3501.88,2021-10-13 03:00:00,1
"1589",3507.58,2021-10-13 04:00:00,0
"1590",3451.12,2021-10-13 05:00:00,0
"1591",3462.17,2021-10-13 06:00:00,0
"1592",3427.76,2021-10-13 07:00:00,0
"1593",3427.06,2021-10-13 08:00:00,1
"1594",3449.18,2021-10-13 09:00:00,0
"1595",3449.49,2021-10-13 10:00:00,0
"1596",3468.68,2021-10-13 11:00:00,0
"1597",3469.77,2021-10-13 12:00:00,0
"1598",3442.37,2021-10-13 13:00:00,0
"1599",3486.74,2021-10-13 14:00:00,0
"1600",3485.52,2021-10-13 15:00:00,0
"1601",3491.7,2021-10-13 16:00:00,0
"1602",3510.66,2021-10-13 17:00:00,0
"1603",3511.5,2021-10-13 18:00:00,0
"1604",3521.23,2021-10-13 19:00:00,0
"1605",3573.64,2021-10-13 20:00:00,1
"1606",3571.59,2021-10-13 21:00:00,0
"1607",3604,2021-10-13 22:00:00,0
"1608",3607.42,2021-10-13 23:00:00,0
"1609",3603.43,2021-10-14 00:00:00,0
"1610",3645.24,2021-10-14 01:00:00,0
"1611",3635.44,2021-10-14 02:00:00,0
"1612",3643,2021-10-14 03:00:00,0
"1613",3652.7,2021-10-14 04:00:00,0
"1614",3636.25,2021-10-14 05:00:00,0
"1615",3626.31,2021-10-14 06:00:00,0
"1616",3630.01,2021-10-14 07:00:00,0
"1617",3645.61,2021-10-14 08:00:00,0
"1618",3632.17,2021-10-14 09:00:00,0
"1619",3639.99,2021-10-14 10:00:00,0
"1620",3735.75,2021-10-14 11:00:00,0
"1621",3734.99,2021-10-14 12:00:00,0
"1622",3767.97,2021-10-14 13:00:00,0
"1623",3792.88,2021-10-14 14:00:00,0
"1624",3808.42,2021-10-14 15:00:00,0
"1625",3783.08,2021-10-14 16:00:00,0
"1626",3791.53,2021-10-14 17:00:00,0
"1627",3799.43,2021-10-14 18:00:00,0
"1628",3791.77,2021-10-14 19:00:00,0
"1629",3758.03,2021-10-14 20:00:00,0
"1630",3776.96,2021-10-14 21:00:00,0
"1631",3781.35,2021-10-14 22:00:00,0
"1632",3790.82,2021-10-14 23:00:00,0
"1633",3766,2021-10-15 00:00:00,0
"1634",3748.9,2021-10-15 01:00:00,0
"1635",3830.52,2021-10-15 02:00:00,0
"1636",3820.92,2021-10-15 03:00:00,0
"1637",3822.54,2021-10-15 04:00:00,0
"1638",3851.35,2021-10-15 05:00:00,0
"1639",3826.08,2021-10-15 06:00:00,0
"1640",3805.05,2021-10-15 07:00:00,0
"1641",3764.98,2021-10-15 08:00:00,0
"1642",3781.1,2021-10-15 09:00:00,0
"1643",3782.65,2021-10-15 10:00:00,0
"1644",3778.64,2021-10-15 11:00:00,0
"1645",3768.3,2021-10-15 12:00:00,0
"1646",3815,2021-10-15 13:00:00,0
"1647",3809.37,2021-10-15 14:00:00,0
"1648",3791.09,2021-10-15 15:00:00,0
"1649",3862.43,2021-10-15 16:00:00,0
"1650",3856.81,2021-10-15 17:00:00,0
"1651",3879.97,2021-10-15 18:00:00,0
"1652",3848.9,2021-10-15 19:00:00,0
"1653",3881.36,2021-10-15 20:00:00,0
"1654",3841.4,2021-10-15 21:00:00,0
"1655",3849.76,2021-10-15 22:00:00,0
"1656",3868.99,2021-10-15 23:00:00,0
"1657",3844.83,2021-10-16 00:00:00,0
"1658",3836.19,2021-10-16 01:00:00,0
"1659",3853.31,2021-10-16 02:00:00,0
"1660",3842.95,2021-10-16 03:00:00,0
"1661",3834.66,2021-10-16 04:00:00,0
"1662",3855.98,2021-10-16 05:00:00,0
"1663",3848.1,2021-10-16 06:00:00,1
"1664",3853.72,2021-10-16 07:00:00,0
"1665",3940.63,2021-10-16 08:00:00,0
"1666",3934.67,2021-10-16 09:00:00,0
"1667",3937.81,2021-10-16 10:00:00,0
"1668",3956.75,2021-10-16 11:00:00,0
"1669",3896.89,2021-10-16 12:00:00,0
"1670",3919.13,2021-10-16 13:00:00,0
"1671",3899,2021-10-16 14:00:00,0
"1672",3907.64,2021-10-16 15:00:00,0
"1673",3896.2,2021-10-16 16:00:00,0
"1674",3869.99,2021-10-16 17:00:00,0
"1675",3868.75,2021-10-16 18:00:00,0
"1676",3838.99,2021-10-16 19:00:00,0
"1677",3832.99,2021-10-16 20:00:00,0
"1678",3814.97,2021-10-16 21:00:00,0
"1679",3826.02,2021-10-16 22:00:00,0
"1680",3829.96,2021-10-16 23:00:00,0
"1681",3840.41,2021-10-17 00:00:00,0
"1682",3848.76,2021-10-17 01:00:00,0
"1683",3849.59,2021-10-17 02:00:00,0
"1684",3878.16,2021-10-17 03:00:00,0
"1685",3874.66,2021-10-17 04:00:00,0
"1686",3856.68,2021-10-17 05:00:00,0
"1687",3874.47,2021-10-17 06:00:00,0
"1688",3877.48,2021-10-17 07:00:00,0
"1689",3888.24,2021-10-17 08:00:00,0
"1690",3893.91,2021-10-17 09:00:00,0
"1691",3884.2,2021-10-17 10:00:00,0
"1692",3858.79,2021-10-17 11:00:00,1
"1693",3853.97,2021-10-17 12:00:00,0
"1694",3860.49,2021-10-17 13:00:00,0
"1695",3855.67,2021-10-17 14:00:00,0
"1696",3788.21,2021-10-17 15:00:00,0
"1697",3812.09,2021-10-17 16:00:00,0
"1698",3804.68,2021-10-17 17:00:00,0
"1699",3811.18,2021-10-17 18:00:00,0
"1700",3766.35,2021-10-17 19:00:00,0
"1701",3698.43,2021-10-17 20:00:00,0
"1702",3764.93,2021-10-17 21:00:00,0
"1703",3826.47,2021-10-17 22:00:00,0
"1704",3846.85,2021-10-17 23:00:00,0
"1705",3876.21,2021-10-18 00:00:00,0
"1706",3874.93,2021-10-18 01:00:00,0
"1707",3861.42,2021-10-18 02:00:00,0
"1708",3852.77,2021-10-18 03:00:00,0
"1709",3865.71,2021-10-18 04:00:00,0
"1710",3875.77,2021-10-18 05:00:00,1
"1711",3862.12,2021-10-18 06:00:00,0
"1712",3837.52,2021-10-18 07:00:00,0
"1713",3822.84,2021-10-18 08:00:00,0
"1714",3799.36,2021-10-18 09:00:00,0
"1715",3785.16,2021-10-18 10:00:00,0
"1716",3745.45,2021-10-18 11:00:00,1
"1717",3729.35,2021-10-18 12:00:00,0
"1718",3802.64,2021-10-18 13:00:00,0
"1719",3786.39,2021-10-18 14:00:00,0
"1720",3761,2021-10-18 15:00:00,0
"1721",3730.32,2021-10-18 16:00:00,0
"1722",3729.92,2021-10-18 17:00:00,0
"1723",3729.12,2021-10-18 18:00:00,0
"1724",3747.72,2021-10-18 19:00:00,0
"1725",3733.96,2021-10-18 20:00:00,0
"1726",3745.54,2021-10-18 21:00:00,0
"1727",3747.23,2021-10-18 22:00:00,0
"1728",3744.96,2021-10-18 23:00:00,0
"1729",3750.61,2021-10-19 00:00:00,0
"1730",3786.67,2021-10-19 01:00:00,0
"1731",3787.07,2021-10-19 02:00:00,0
"1732",3823.01,2021-10-19 03:00:00,0
"1733",3817.34,2021-10-19 04:00:00,0
"1734",3820.01,2021-10-19 05:00:00,0
"1735",3787.66,2021-10-19 06:00:00,0
"1736",3809.51,2021-10-19 07:00:00,0
"1737",3809.99,2021-10-19 08:00:00,0
"1738",3792.62,2021-10-19 09:00:00,0
"1739",3790.77,2021-10-19 10:00:00,1
"1740",3798.13,2021-10-19 11:00:00,0
"1741",3801.45,2021-10-19 12:00:00,0
"1742",3809.41,2021-10-19 13:00:00,0
"1743",3801.39,2021-10-19 14:00:00,0
"1744",3774.98,2021-10-19 15:00:00,0
"1745",3805.88,2021-10-19 16:00:00,0
"1746",3812.03,2021-10-19 17:00:00,0
"1747",3806.24,2021-10-19 18:00:00,0
"1748",3816.48,2021-10-19 19:00:00,0
"1749",3806.25,2021-10-19 20:00:00,0
"1750",3812.66,2021-10-19 21:00:00,0
"1751",3878.47,2021-10-19 22:00:00,0
"1752",3877.03,2021-10-19 23:00:00,0
"1753",3870.49,2021-10-20 00:00:00,0
"1754",3858.46,2021-10-20 01:00:00,0
"1755",3847.13,2021-10-20 02:00:00,0
"1756",3844.24,2021-10-20 03:00:00,0
"1757",3857.33,2021-10-20 04:00:00,0
"1758",3841.23,2021-10-20 05:00:00,0
"1759",3838.02,2021-10-20 06:00:00,0
"1760",3858.27,2021-10-20 07:00:00,0
"1761",3850.62,2021-10-20 08:00:00,0
"1762",3868.59,2021-10-20 09:00:00,0
"1763",3853.46,2021-10-20 10:00:00,0
"1764",3861.01,2021-10-20 11:00:00,0
"1765",3933.5,2021-10-20 12:00:00,0
"1766",4000,2021-10-20 13:00:00,0
"1767",4048.63,2021-10-20 14:00:00,0
"1768",4080.99,2021-10-20 15:00:00,0
"1769",4077.08,2021-10-20 16:00:00,1
"1770",4076.3,2021-10-20 17:00:00,0
"1771",4122.38,2021-10-20 18:00:00,0
"1772",4100.93,2021-10-20 19:00:00,0
"1773",4109.16,2021-10-20 20:00:00,0
"1774",4117.22,2021-10-20 21:00:00,0
"1775",4126.31,2021-10-20 22:00:00,1
"1776",4161.15,2021-10-20 23:00:00,0
"1777",4187.8,2021-10-21 00:00:00,0
"1778",4197.09,2021-10-21 01:00:00,0
"1779",4195.14,2021-10-21 02:00:00,0
"1780",4185.82,2021-10-21 03:00:00,0
"1781",4167.18,2021-10-21 04:00:00,0
"1782",4176.48,2021-10-21 05:00:00,0
"1783",4157.13,2021-10-21 06:00:00,0
"1784",4162.55,2021-10-21 07:00:00,0
"1785",4195.43,2021-10-21 08:00:00,0
"1786",4297.29,2021-10-21 09:00:00,0
"1787",4306.98,2021-10-21 10:00:00,0
"1788",4211.88,2021-10-21 11:00:00,1
"1789",4224.77,2021-10-21 12:00:00,0
"1790",4216.45,2021-10-21 13:00:00,1
"1791",4114.58,2021-10-21 14:00:00,0
"1792",4090,2021-10-21 15:00:00,1
"1793",4057.49,2021-10-21 16:00:00,0
"1794",4046.3,2021-10-21 17:00:00,0
"1795",4063.15,2021-10-21 18:00:00,1
"1796",4080.55,2021-10-21 19:00:00,0
"1797",4090.01,2021-10-21 20:00:00,0
"1798",4092.83,2021-10-21 21:00:00,0
"1799",4070.49,2021-10-21 22:00:00,0
"1800",4052.99,2021-10-21 23:00:00,0
"1801",4116.55,2021-10-22 00:00:00,0
"1802",4103.49,2021-10-22 01:00:00,0
"1803",4111.79,2021-10-22 02:00:00,0
"1804",4155.99,2021-10-22 03:00:00,0
"1805",4149.25,2021-10-22 04:00:00,0
"1806",4132.1,2021-10-22 05:00:00,0
"1807",4118.25,2021-10-22 06:00:00,0
"1808",4142.15,2021-10-22 07:00:00,0
"1809",4145.47,2021-10-22 08:00:00,0
"1810",4121.77,2021-10-22 09:00:00,1
"1811",4110.61,2021-10-22 10:00:00,0
"1812",4125.3,2021-10-22 11:00:00,0
"1813",4137.98,2021-10-22 12:00:00,0
"1814",4064.45,2021-10-22 13:00:00,1
"1815",4027.21,2021-10-22 14:00:00,0
"1816",3966.52,2021-10-22 15:00:00,0
"1817",3972.97,2021-10-22 16:00:00,0
"1818",3937.2,2021-10-22 17:00:00,0
"1819",3958.97,2021-10-22 18:00:00,0
"1820",3983.47,2021-10-22 19:00:00,0
"1821",3977.5,2021-10-22 20:00:00,0
"1822",3950.31,2021-10-22 21:00:00,0
"1823",3970,2021-10-22 22:00:00,0
"1824",3972.2,2021-10-22 23:00:00,0
"1825",4001.33,2021-10-23 00:00:00,0
"1826",4007.32,2021-10-23 01:00:00,0
"1827",4027.02,2021-10-23 02:00:00,0
"1828",4023.9,2021-10-23 03:00:00,0
"1829",4036.93,2021-10-23 04:00:00,0
"1830",4011.36,2021-10-23 05:00:00,0
"1831",4029.99,2021-10-23 06:00:00,0
"1832",4012.84,2021-10-23 07:00:00,0
"1833",4022.69,2021-10-23 08:00:00,0
"1834",3997.97,2021-10-23 09:00:00,0
"1835",3956.1,2021-10-23 10:00:00,0
"1836",4039.2,2021-10-23 11:00:00,0
"1837",4039.58,2021-10-23 12:00:00,0
"1838",4028.37,2021-10-23 13:00:00,0
"1839",4025.3,2021-10-23 14:00:00,0
"1840",4086.6,2021-10-23 15:00:00,0
"1841",4086.05,2021-10-23 16:00:00,0
"1842",4105.55,2021-10-23 17:00:00,0
"1843",4112.89,2021-10-23 18:00:00,0
"1844",4084.06,2021-10-23 19:00:00,0
"1845",4088.68,2021-10-23 20:00:00,0
"1846",4091.19,2021-10-23 21:00:00,0
"1847",4116.87,2021-10-23 22:00:00,0
"1848",4167.12,2021-10-23 23:00:00,0
"1849",4140.74,2021-10-24 00:00:00,0
"1850",4130.55,2021-10-24 01:00:00,0
"1851",4139.32,2021-10-24 02:00:00,0
"1852",4132.89,2021-10-24 03:00:00,0
"1853",4107.64,2021-10-24 04:00:00,0
"1854",4110.88,2021-10-24 05:00:00,0
"1855",4090,2021-10-24 06:00:00,0
"1856",4094.13,2021-10-24 07:00:00,0
"1857",4071.2,2021-10-24 08:00:00,0
"1858",4092.2,2021-10-24 09:00:00,0
"1859",4089.37,2021-10-24 10:00:00,0
"1860",4026.2,2021-10-24 11:00:00,0
"1861",4038.72,2021-10-24 12:00:00,0
"1862",4046.26,2021-10-24 13:00:00,0
"1863",4021.71,2021-10-24 14:00:00,0
"1864",4000.11,2021-10-24 15:00:00,0
"1865",4029.51,2021-10-24 16:00:00,0
"1866",4023.81,2021-10-24 17:00:00,0
"1867",3995.11,2021-10-24 18:00:00,0
"1868",4043.03,2021-10-24 19:00:00,0
"1869",4066,2021-10-24 20:00:00,0
"1870",4079.65,2021-10-24 21:00:00,0
"1871",4074.67,2021-10-24 22:00:00,0
"1872",4082.33,2021-10-24 23:00:00,0
"1873",4131.97,2021-10-25 00:00:00,0
"1874",4118.75,2021-10-25 01:00:00,0
"1875",4132.86,2021-10-25 02:00:00,0
"1876",4134.69,2021-10-25 03:00:00,0
"1877",4148.63,2021-10-25 04:00:00,0
"1878",4124.61,2021-10-25 05:00:00,0
"1879",4124.12,2021-10-25 06:00:00,0
"1880",4149.33,2021-10-25 07:00:00,0
"1881",4123.6,2021-10-25 08:00:00,1
"1882",4134.85,2021-10-25 09:00:00,0
"1883",4128.98,2021-10-25 10:00:00,1
"1884",4126.4,2021-10-25 11:00:00,0
"1885",4120.89,2021-10-25 12:00:00,0
"1886",4158.48,2021-10-25 13:00:00,0
"1887",4152.28,2021-10-25 14:00:00,0
"1888",4210.11,2021-10-25 15:00:00,0
"1889",4230.42,2021-10-25 16:00:00,0
"1890",4185.4,2021-10-25 17:00:00,1
"1891",4210.39,2021-10-25 18:00:00,0
"1892",4184.47,2021-10-25 19:00:00,1
"1893",4180.71,2021-10-25 20:00:00,0
"1894",4190.57,2021-10-25 21:00:00,0
"1895",4219.87,2021-10-25 22:00:00,0
"1896",4220.37,2021-10-25 23:00:00,0
"1897",4239.53,2021-10-26 00:00:00,0
"1898",4218.38,2021-10-26 01:00:00,0
"1899",4233.55,2021-10-26 02:00:00,0
"1900",4224.89,2021-10-26 03:00:00,0
"1901",4206.66,2021-10-26 04:00:00,0
"1902",4199.57,2021-10-26 05:00:00,0
"1903",4191,2021-10-26 06:00:00,0
"1904",4198.76,2021-10-26 07:00:00,0
"1905",4213.31,2021-10-26 08:00:00,0
"1906",4207.9,2021-10-26 09:00:00,0
"1907",4226.09,2021-10-26 10:00:00,0
"1908",4213.92,2021-10-26 11:00:00,0
"1909",4190.21,2021-10-26 12:00:00,0
"1910",4187.46,2021-10-26 13:00:00,0
"1911",4151.33,2021-10-26 14:00:00,0
"1912",4187.64,2021-10-26 15:00:00,0
"1913",4166.61,2021-10-26 16:00:00,0
"1914",4216.06,2021-10-26 17:00:00,0
"1915",4209.84,2021-10-26 18:00:00,0
"1916",4211.68,2021-10-26 19:00:00,0
"1917",4263.65,2021-10-26 20:00:00,0
"1918",4205.16,2021-10-26 21:00:00,0
"1919",4121.68,2021-10-26 22:00:00,0
"1920",4131.52,2021-10-26 23:00:00,0
"1921",4157.85,2021-10-27 00:00:00,0
"1922",4148.22,2021-10-27 01:00:00,0
"1923",4180.4,2021-10-27 02:00:00,0
"1924",4209.72,2021-10-27 03:00:00,0
"1925",4279.51,2021-10-27 04:00:00,0
"1926",4273.46,2021-10-27 05:00:00,0
"1927",4240.07,2021-10-27 06:00:00,0
"1928",4136.34,2021-10-27 07:00:00,0
"1929",4046.13,2021-10-27 08:00:00,1
"1930",4016.36,2021-10-27 09:00:00,0
"1931",4021.28,2021-10-27 10:00:00,0
"1932",3992.09,2021-10-27 11:00:00,0
"1933",4012.99,2021-10-27 12:00:00,0
"1934",3994.53,2021-10-27 13:00:00,0
"1935",4014.4,2021-10-27 14:00:00,0
"1936",3993.47,2021-10-27 15:00:00,0
"1937",3977.71,2021-10-27 16:00:00,0
"1938",3986.57,2021-10-27 17:00:00,0
"1939",3968.54,2021-10-27 18:00:00,0
"1940",3998.46,2021-10-27 19:00:00,0
"1941",3980.74,2021-10-27 20:00:00,0
"1942",3993.04,2021-10-27 21:00:00,0
"1943",3974.09,2021-10-27 22:00:00,0
"1944",3922,2021-10-27 23:00:00,0
"1945",3913,2021-10-28 00:00:00,0
"1946",3994.81,2021-10-28 01:00:00,1
"1947",3997.21,2021-10-28 02:00:00,1
"1948",3995.64,2021-10-28 03:00:00,0
"1949",3995.06,2021-10-28 04:00:00,0
"1950",4020.63,2021-10-28 05:00:00,0
"1951",4021.9,2021-10-28 06:00:00,1
"1952",4009.86,2021-10-28 07:00:00,0
"1953",4136.03,2021-10-28 08:00:00,1
"1954",4162.24,2021-10-28 09:00:00,0
"1955",4148.35,2021-10-28 10:00:00,0
"1956",4151.95,2021-10-28 11:00:00,0
"1957",4174.72,2021-10-28 12:00:00,1
"1958",4191.51,2021-10-28 13:00:00,0
"1959",4188.7,2021-10-28 14:00:00,0
"1960",4151.21,2021-10-28 15:00:00,0
"1961",4183.34,2021-10-28 16:00:00,0
"1962",4223.34,2021-10-28 17:00:00,0
"1963",4178.42,2021-10-28 18:00:00,0
"1964",4259.04,2021-10-28 19:00:00,0
"1965",4252.31,2021-10-28 20:00:00,0
"1966",4251.99,2021-10-28 21:00:00,0
"1967",4250.56,2021-10-28 22:00:00,0
"1968",4286.02,2021-10-28 23:00:00,0
"1969",4353.01,2021-10-29 00:00:00,0
"1970",4353.11,2021-10-29 01:00:00,0
"1971",4362.78,2021-10-29 02:00:00,0
"1972",4379.83,2021-10-29 03:00:00,0
"1973",4355,2021-10-29 04:00:00,0
"1974",4320.84,2021-10-29 05:00:00,1
"1975",4342.29,2021-10-29 06:00:00,0
"1976",4307.56,2021-10-29 07:00:00,0
"1977",4341.37,2021-10-29 08:00:00,0
"1978",4329.68,2021-10-29 09:00:00,0
"1979",4332.46,2021-10-29 10:00:00,0
"1980",4320.53,2021-10-29 11:00:00,0
"1981",4315,2021-10-29 12:00:00,0
"1982",4366.68,2021-10-29 13:00:00,0
"1983",4343.75,2021-10-29 14:00:00,0
"1984",4440.3,2021-10-29 15:00:00,1
"1985",4425.24,2021-10-29 16:00:00,0
"1986",4417.59,2021-10-29 17:00:00,0
"1987",4374.51,2021-10-29 18:00:00,0
"1988",4403.97,2021-10-29 19:00:00,0
"1989",4401.25,2021-10-29 20:00:00,0
"1990",4417.3,2021-10-29 21:00:00,0
"1991",4417.47,2021-10-29 22:00:00,0
"1992",4418.89,2021-10-29 23:00:00,0
"1993",4374.69,2021-10-30 00:00:00,0
"1994",4360.97,2021-10-30 01:00:00,0
"1995",4360.15,2021-10-30 02:00:00,0
"1996",4342.72,2021-10-30 03:00:00,0
"1997",4336.78,2021-10-30 04:00:00,0
"1998",4357.92,2021-10-30 05:00:00,0
"1999",4363,2021-10-30 06:00:00,0
"2000",4349.72,2021-10-30 07:00:00,0
"2001",4319.3,2021-10-30 08:00:00,0
"2002",4319.52,2021-10-30 09:00:00,0
"2003",4345.75,2021-10-30 10:00:00,1
"2004",4333.35,2021-10-30 11:00:00,0
"2005",4324.97,2021-10-30 12:00:00,0
"2006",4310.91,2021-10-30 13:00:00,0
"2007",4275.01,2021-10-30 14:00:00,0
"2008",4282.45,2021-10-30 15:00:00,0
"2009",4285.87,2021-10-30 16:00:00,0
"2010",4301.45,2021-10-30 17:00:00,0
"2011",4322.47,2021-10-30 18:00:00,0
"2012",4336.63,2021-10-30 19:00:00,0
"2013",4309.51,2021-10-30 20:00:00,0
"2014",4283.05,2021-10-30 21:00:00,0
"2015",4287.17,2021-10-30 22:00:00,0
"2016",4322.68,2021-10-30 23:00:00,0
"2017",4383.24,2021-10-31 00:00:00,0
"2018",4362.96,2021-10-31 01:00:00,0
"2019",4365.01,2021-10-31 02:00:00,0
"2020",4368.92888790805,2021-10-31 02:00:00,0
"2021",4370.49,2021-10-31 03:00:00,0
"2022",4367.59,2021-10-31 04:00:00,0
"2023",4329.2,2021-10-31 05:00:00,0
"2024",4319.17,2021-10-31 06:00:00,0
"2025",4318.16,2021-10-31 07:00:00,0
"2026",4272.47,2021-10-31 08:00:00,0
"2027",4260.18,2021-10-31 09:00:00,0
"2028",4251,2021-10-31 10:00:00,0
"2029",4207.48,2021-10-31 11:00:00,0
"2030",4186.9,2021-10-31 12:00:00,0
"2031",4204.68,2021-10-31 13:00:00,0
"2032",4205,2021-10-31 14:00:00,0
"2033",4214.36,2021-10-31 15:00:00,1
"2034",4236.17,2021-10-31 16:00:00,0
"2035",4239.98,2021-10-31 17:00:00,0
"2036",4249.75,2021-10-31 18:00:00,0
"2037",4247.82,2021-10-31 19:00:00,0
"2038",4265.11,2021-10-31 20:00:00,0
"2039",4306.45,2021-10-31 21:00:00,0
"2040",4293,2021-10-31 22:00:00,0
"2041",4287.21,2021-10-31 23:00:00,0
"2042",4317.03,2021-11-01 00:00:00,0
"2043",4293.87,2021-11-01 01:00:00,0
"2044",4236.12,2021-11-01 02:00:00,1
"2045",4190.66,2021-11-01 03:00:00,0
"2046",4226.92,2021-11-01 04:00:00,0
"2047",4225,2021-11-01 05:00:00,0
"2048",4241.99,2021-11-01 06:00:00,0
"2049",4302.93,2021-11-01 07:00:00,0
"2050",4311.11,2021-11-01 08:00:00,0
"2051",4316.56,2021-11-01 09:00:00,0
"2052",4328.94,2021-11-01 10:00:00,0
"2053",4315,2021-11-01 11:00:00,0
"2054",4345.58,2021-11-01 12:00:00,0
"2055",4375.33,2021-11-01 13:00:00,0
"2056",4329.78,2021-11-01 14:00:00,0
"2057",4349.98,2021-11-01 15:00:00,0
"2058",4296.04,2021-11-01 16:00:00,0
"2059",4283.72,2021-11-01 17:00:00,0
"2060",4295.92,2021-11-01 18:00:00,0
"2061",4364.28,2021-11-01 19:00:00,0
"2062",4310.18,2021-11-01 20:00:00,0
"2063",4295.81,2021-11-01 21:00:00,1
"2064",4305.93,2021-11-01 22:00:00,0
"2065",4319.43,2021-11-01 23:00:00,0
"2066",4311.07,2021-11-02 00:00:00,0
"2067",4320.92,2021-11-02 01:00:00,0
"2068",4307.51,2021-11-02 02:00:00,0
"2069",4318.83,2021-11-02 03:00:00,0
"2070",4362.69,2021-11-02 04:00:00,0
"2071",4365.1,2021-11-02 05:00:00,0
"2072",4376,2021-11-02 06:00:00,0
"2073",4340.81,2021-11-02 07:00:00,0
"2074",4350.06,2021-11-02 08:00:00,0
"2075",4425.55,2021-11-02 09:00:00,0
"2076",4442.72,2021-11-02 10:00:00,0
"2077",4413.09,2021-11-02 11:00:00,0
"2078",4435.79,2021-11-02 12:00:00,1
"2079",4488.38,2021-11-02 13:00:00,0
"2080",4467.72,2021-11-02 14:00:00,0
"2081",4511.42,2021-11-02 15:00:00,0
"2082",4499.66,2021-11-02 16:00:00,0
"2083",4475.57,2021-11-02 17:00:00,0
"2084",4496.88,2021-11-02 18:00:00,1
"2085",4509,2021-11-02 19:00:00,0
"2086",4499.63,2021-11-02 20:00:00,0
"2087",4527.04,2021-11-02 21:00:00,0
"2088",4544.33,2021-11-02 22:00:00,0
"2089",4589.89,2021-11-02 23:00:00,0
"2090",4632.35,2021-11-03 00:00:00,0
"2091",4610.98,2021-11-03 01:00:00,0
"2092",4598.73,2021-11-03 02:00:00,0
"2093",4588.75,2021-11-03 03:00:00,0
"2094",4537.51,2021-11-03 04:00:00,1
"2095",4559.36,2021-11-03 05:00:00,0
"2096",4555.34,2021-11-03 06:00:00,0
"2097",4610.62,2021-11-03 07:00:00,1
"2098",4581.38,2021-11-03 08:00:00,0
"2099",4594.49,2021-11-03 09:00:00,1
"2100",4575.91,2021-11-03 10:00:00,0
"2101",4577.27,2021-11-03 11:00:00,0
"2102",4522.49,2021-11-03 12:00:00,0
"2103",4482.22,2021-11-03 13:00:00,0
"2104",4511.62,2021-11-03 14:00:00,0
"2105",4545.68,2021-11-03 15:00:00,0
"2106",4523.03,2021-11-03 16:00:00,0
"2107",4549.26,2021-11-03 17:00:00,0
"2108",4653.36,2021-11-03 18:00:00,0
"2109",4623.46,2021-11-03 19:00:00,0
"2110",4613,2021-11-03 20:00:00,0
"2111",4607.74,2021-11-03 21:00:00,0
"2112",4591.53,2021-11-03 22:00:00,0
"2113",4603.35,2021-11-03 23:00:00,1
"2114",4572.45,2021-11-04 00:00:00,0
"2115",4554.98,2021-11-04 01:00:00,0
"2116",4563.37,2021-11-04 02:00:00,0
"2117",4556.41,2021-11-04 03:00:00,0
"2118",4578.93,2021-11-04 04:00:00,0
"2119",4539.73,2021-11-04 05:00:00,0
"2120",4571.93,2021-11-04 06:00:00,0
"2121",4516.16,2021-11-04 07:00:00,0
"2122",4501.6,2021-11-04 08:00:00,0
"2123",4525.07,2021-11-04 09:00:00,0
"2124",4532.99,2021-11-04 10:00:00,0
"2125",4509.29,2021-11-04 11:00:00,0
"2126",4536.7,2021-11-04 12:00:00,0
"2127",4547.09,2021-11-04 13:00:00,0
"2128",4530.69,2021-11-04 14:00:00,0
"2129",4480.33,2021-11-04 15:00:00,0
"2130",4469.38,2021-11-04 16:00:00,0
"2131",4442.51,2021-11-04 17:00:00,0
"2132",4443.15,2021-11-04 18:00:00,0
"2133",4489.83,2021-11-04 19:00:00,0
"2134",4511.57,2021-11-04 20:00:00,0
"2135",4521.64,2021-11-04 21:00:00,0
"2136",4515.53,2021-11-04 22:00:00,0
"2137",4532.32,2021-11-04 23:00:00,0
"2138",4473.19,2021-11-05 00:00:00,0
"2139",4526.06,2021-11-05 01:00:00,0
"2140",4503.55,2021-11-05 02:00:00,0
"2141",4542.4,2021-11-05 03:00:00,0
"2142",4529.7,2021-11-05 04:00:00,0
"2143",4540.93,2021-11-05 05:00:00,0
"2144",4529.57,2021-11-05 06:00:00,0
"2145",4529.35,2021-11-05 07:00:00,0
"2146",4540.68,2021-11-05 08:00:00,1
"2147",4509.59,2021-11-05 09:00:00,0
"2148",4499.99,2021-11-05 10:00:00,0
"2149",4473.58,2021-11-05 11:00:00,0
"2150",4496.09,2021-11-05 12:00:00,0
"2151",4517.86,2021-11-05 13:00:00,0
"2152",4485.01,2021-11-05 14:00:00,0
"2153",4462.04,2021-11-05 15:00:00,0
"2154",4484.27,2021-11-05 16:00:00,0
"2155",4482.92,2021-11-05 17:00:00,0
"2156",4500.88,2021-11-05 18:00:00,0
"2157",4495,2021-11-05 19:00:00,0
"2158",4448.65,2021-11-05 20:00:00,0
"2159",4461.65,2021-11-05 21:00:00,1
"2160",4480.09,2021-11-05 22:00:00,0
"2161",4474.24,2021-11-05 23:00:00,0
"2162",4498.86,2021-11-06 00:00:00,0
"2163",4497.42,2021-11-06 01:00:00,0
"2164",4482.55,2021-11-06 02:00:00,0
"2165",4491.01,2021-11-06 03:00:00,0
"2166",4495,2021-11-06 04:00:00,0
"2167",4507.02,2021-11-06 05:00:00,0
"2168",4489.11,2021-11-06 06:00:00,0
"2169",4471.72,2021-11-06 07:00:00,0
"2170",4471.15,2021-11-06 08:00:00,0
"2171",4462.08,2021-11-06 09:00:00,0
"2172",4390.44,2021-11-06 10:00:00,0
"2173",4369.52,2021-11-06 11:00:00,0
"2174",4362.84,2021-11-06 12:00:00,0
"2175",4382.62,2021-11-06 13:00:00,0
"2176",4398,2021-11-06 14:00:00,0
"2177",4398.57,2021-11-06 15:00:00,0
"2178",4410,2021-11-06 16:00:00,0
"2179",4417.58,2021-11-06 17:00:00,0
"2180",4441.67,2021-11-06 18:00:00,0
"2181",4493.73,2021-11-06 19:00:00,0
"2182",4482.57,2021-11-06 20:00:00,0
"2183",4509.78,2021-11-06 21:00:00,0
"2184",4501.14,2021-11-06 22:00:00,0
"2185",4518,2021-11-06 23:00:00,1
"2186",4544.98,2021-11-07 00:00:00,0
"2187",4552.58,2021-11-07 01:00:00,0
"2188",4544.33,2021-11-07 02:00:00,0
"2189",4549.99,2021-11-07 03:00:00,0
"2190",4549.44,2021-11-07 04:00:00,0
"2191",4544.57,2021-11-07 05:00:00,1
"2192",4546.66,2021-11-07 06:00:00,0
"2193",4541.5,2021-11-07 07:00:00,0
"2194",4544.61,2021-11-07 08:00:00,0
"2195",4582.59,2021-11-07 09:00:00,0
"2196",4593.3,2021-11-07 10:00:00,0
"2197",4592.95,2021-11-07 11:00:00,0
"2198",4593.51,2021-11-07 12:00:00,0
"2199",4605.44,2021-11-07 13:00:00,0
"2200",4597.82,2021-11-07 14:00:00,0
"2201",4604.05,2021-11-07 15:00:00,0
"2202",4592.18,2021-11-07 16:00:00,0
"2203",4610.16,2021-11-07 17:00:00,0
"2204",4611.2,2021-11-07 18:00:00,0
"2205",4603.36,2021-11-07 19:00:00,1
"2206",4624.45,2021-11-07 20:00:00,0
"2207",4625.62,2021-11-07 21:00:00,0
"2208",4596.39,2021-11-07 22:00:00,0
"2209",4612.59,2021-11-07 23:00:00,0
"2210",4688.29,2021-11-08 00:00:00,0
"2211",4686.66,2021-11-08 01:00:00,0
"2212",4698.95,2021-11-08 02:00:00,0
"2213",4720.51,2021-11-08 03:00:00,0
"2214",4713.86,2021-11-08 04:00:00,0
"2215",4720,2021-11-08 05:00:00,0
"2216",4737.53,2021-11-08 06:00:00,0
"2217",4723.29,2021-11-08 07:00:00,0
"2218",4738.83,2021-11-08 08:00:00,1
"2219",4720.24,2021-11-08 09:00:00,1
"2220",4729.99,2021-11-08 10:00:00,0
"2221",4730.02,2021-11-08 11:00:00,0
"2222",4736.27,2021-11-08 12:00:00,0
"2223",4715.79,2021-11-08 13:00:00,0
"2224",4713.08,2021-11-08 14:00:00,0
"2225",4763.77,2021-11-08 15:00:00,0
"2226",4769.4,2021-11-08 16:00:00,0
"2227",4782.44,2021-11-08 17:00:00,0
"2228",4776.51,2021-11-08 18:00:00,0
"2229",4752,2021-11-08 19:00:00,0
"2230",4758.01,2021-11-08 20:00:00,0
"2231",4771.25,2021-11-08 21:00:00,0
"2232",4780.06,2021-11-08 22:00:00,1
"2233",4807.98,2021-11-08 23:00:00,0
"2234",4787.52,2021-11-09 00:00:00,0
"2235",4794.01,2021-11-09 01:00:00,0
"2236",4787.04,2021-11-09 02:00:00,0
"2237",4814,2021-11-09 03:00:00,0
"2238",4804.59,2021-11-09 04:00:00,0
"2239",4825.21,2021-11-09 05:00:00,1
"2240",4812.54,2021-11-09 06:00:00,0
"2241",4783.96,2021-11-09 07:00:00,0
"2242",4808.94,2021-11-09 08:00:00,0
"2243",4815.98,2021-11-09 09:00:00,0
"2244",4798.9,2021-11-09 10:00:00,0
"2245",4774.61,2021-11-09 11:00:00,0
"2246",4783.45,2021-11-09 12:00:00,0
"2247",4812.98,2021-11-09 13:00:00,0
"2248",4794.77,2021-11-09 14:00:00,0
"2249",4790.99,2021-11-09 15:00:00,0
"2250",4773.98,2021-11-09 16:00:00,0
"2251",4776.68,2021-11-09 17:00:00,0
"2252",4744.63,2021-11-09 18:00:00,0
"2253",4750.62,2021-11-09 19:00:00,0
"2254",4775.67,2021-11-09 20:00:00,0
"2255",4798.16,2021-11-09 21:00:00,0
"2256",4757.18,2021-11-09 22:00:00,0
"2257",4732.33,2021-11-09 23:00:00,0
"2258",4721.11,2021-11-10 00:00:00,0
"2259",4730.73,2021-11-10 01:00:00,0
"2260",4738,2021-11-10 02:00:00,0
"2261",4691.48,2021-11-10 03:00:00,0
"2262",4713.75,2021-11-10 04:00:00,0
"2263",4701.07,2021-11-10 05:00:00,0
"2264",4739.78,2021-11-10 06:00:00,0
"2265",4714.6,2021-11-10 07:00:00,0
"2266",4709.01,2021-11-10 08:00:00,0
"2267",4707.12,2021-11-10 09:00:00,0
"2268",4740.16,2021-11-10 10:00:00,0
"2269",4729.67,2021-11-10 11:00:00,0
"2270",4709.86,2021-11-10 12:00:00,0
"2271",4792.39,2021-11-10 13:00:00,0
"2272",4845.24,2021-11-10 14:00:00,0
"2273",4846.71,2021-11-10 15:00:00,0
"2274",4846.05,2021-11-10 16:00:00,1
"2275",4839.12,2021-11-10 17:00:00,0
"2276",4782.85,2021-11-10 18:00:00,0
"2277",4705.37,2021-11-10 19:00:00,0
"2278",4638.66,2021-11-10 20:00:00,1
"2279",4552.68,2021-11-10 21:00:00,0
"2280",4640.54,2021-11-10 22:00:00,0
"2281",4628.78,2021-11-10 23:00:00,0
"2282",4626.68,2021-11-11 00:00:00,0
"2283",4615.69,2021-11-11 01:00:00,0
"2284",4615.01,2021-11-11 02:00:00,0
"2285",4636.68,2021-11-11 03:00:00,0
"2286",4633.97,2021-11-11 04:00:00,0
"2287",4656.01,2021-11-11 05:00:00,1
"2288",4669.24,2021-11-11 06:00:00,0
"2289",4691.34,2021-11-11 07:00:00,0
"2290",4720.13,2021-11-11 08:00:00,0
"2291",4727.98,2021-11-11 09:00:00,0
"2292",4706.39,2021-11-11 10:00:00,0
"2293",4721.95,2021-11-11 11:00:00,0
"2294",4715.48,2021-11-11 12:00:00,0
"2295",4703.01,2021-11-11 13:00:00,0
"2296",4735.31,2021-11-11 14:00:00,0
"2297",4719.81,2021-11-11 15:00:00,0
"2298",4767.31,2021-11-11 16:00:00,0
"2299",4751.8,2021-11-11 17:00:00,1
"2300",4728.02,2021-11-11 18:00:00,1
"2301",4758.98,2021-11-11 19:00:00,0
"2302",4731.09,2021-11-11 20:00:00,0
"2303",4743.76,2021-11-11 21:00:00,0
"2304",4750.34,2021-11-11 22:00:00,0
"2305",4719,2021-11-11 23:00:00,0
"2306",4724.83,2021-11-12 00:00:00,0
"2307",4785.01,2021-11-12 01:00:00,0
"2308",4786.87,2021-11-12 02:00:00,0
"2309",4774.35,2021-11-12 03:00:00,0
"2310",4781.62,2021-11-12 04:00:00,0
"2311",4739.45,2021-11-12 05:00:00,0
"2312",4719.69,2021-11-12 06:00:00,0
"2313",4711.39,2021-11-12 07:00:00,0
"2314",4732.57,2021-11-12 08:00:00,0
"2315",4617.02,2021-11-12 09:00:00,0
"2316",4613.09,2021-11-12 10:00:00,0
"2317",4600.85,2021-11-12 11:00:00,0
"2318",4596.88,2021-11-12 12:00:00,0
"2319",4604.6,2021-11-12 13:00:00,0
"2320",4585,2021-11-12 14:00:00,0
"2321",4571.06,2021-11-12 15:00:00,0
"2322",4571.32,2021-11-12 16:00:00,0
"2323",4616.8,2021-11-12 17:00:00,0
"2324",4640.21,2021-11-12 18:00:00,0
"2325",4654.21,2021-11-12 19:00:00,0
"2326",4668.98,2021-11-12 20:00:00,0
"2327",4654.98,2021-11-12 21:00:00,0
"2328",4642.91,2021-11-12 22:00:00,0
"2329",4665.46,2021-11-12 23:00:00,0
"2330",4687.99,2021-11-13 00:00:00,0
"2331",4630.91,2021-11-13 01:00:00,0
"2332",4630.57,2021-11-13 02:00:00,0
"2333",4639.5,2021-11-13 03:00:00,0
"2334",4622.76,2021-11-13 04:00:00,0
"2335",4618.31,2021-11-13 05:00:00,0
"2336",4647.77,2021-11-13 06:00:00,1
"2337",4645.55,2021-11-13 07:00:00,0
"2338",4624.93,2021-11-13 08:00:00,0
"2339",4592.46,2021-11-13 09:00:00,1
"2340",4614.89,2021-11-13 10:00:00,0
"2341",4609.31,2021-11-13 11:00:00,0
"2342",4603.6,2021-11-13 12:00:00,0
"2343",4615.71,2021-11-13 13:00:00,0
"2344",4672.84,2021-11-13 14:00:00,0
"2345",4680.23,2021-11-13 15:00:00,1
"2346",4674.27,2021-11-13 16:00:00,0
"2347",4685.51,2021-11-13 17:00:00,0
"2348",4653.17,2021-11-13 18:00:00,1
"2349",4643.8,2021-11-13 19:00:00,0
"2350",4660.78,2021-11-13 20:00:00,0
"2351",4656.98,2021-11-13 21:00:00,0
"2352",4639.63,2021-11-13 22:00:00,0
"2353",4644.28,2021-11-13 23:00:00,0
"2354",4675.47,2021-11-14 00:00:00,0
"2355",4661.41,2021-11-14 01:00:00,0
"2356",4635.65,2021-11-14 02:00:00,0
"2357",4628.63,2021-11-14 03:00:00,0
"2358",4633.4,2021-11-14 04:00:00,0
"2359",4642.11,2021-11-14 05:00:00,0
"2360",4638.71,2021-11-14 06:00:00,0
"2361",4598.4,2021-11-14 07:00:00,0
"2362",4584.09,2021-11-14 08:00:00,0
"2363",4590.48,2021-11-14 09:00:00,0
"2364",4606.1,2021-11-14 10:00:00,0
"2365",4612.45,2021-11-14 11:00:00,0
"2366",4619.28,2021-11-14 12:00:00,0
"2367",4612.37,2021-11-14 13:00:00,0
"2368",4593.63,2021-11-14 14:00:00,0
"2369",4583.91,2021-11-14 15:00:00,0
"2370",4537.24,2021-11-14 16:00:00,0
"2371",4556.61,2021-11-14 17:00:00,1
"2372",4548.38,2021-11-14 18:00:00,0
"2373",4545.01,2021-11-14 19:00:00,0
"2374",4552.76,2021-11-14 20:00:00,0
"2375",4573.7,2021-11-14 21:00:00,0
"2376",4573.72,2021-11-14 22:00:00,0
"2377",4626.5,2021-11-14 23:00:00,0
"2378",4674.44,2021-11-15 00:00:00,0
